{
  "total_return": -223109.78279858298,
  "return_pct": -22.310978279858297,
  "cagr": -1.1995221552402513,
  "total_trades": 516,
  "win_rate": 31.976744186046513,
  "avg_trade": -432.38329999725386,
  "avg_win": 2712.0756596596398,
  "avg_loss": -1910.547768212033,
  "avg_win_pips": 27.1307565965964,
  "avg_loss_pips": -19.095477682120332,
  "profit_factor": 0.6672993905677492,
  "sharpe_ratio": -2.432754061429684,
  "sortino_ratio": -4.757367277490009,
  "max_drawdown": -230490.5789046655,
  "max_drawdown_pct": -23.04905789046655,
  "max_consecutive_wins": 5,
  "max_consecutive_losses": 15,
  "duration_sec": 4.088753938674927,
  "long_trades_pct": 55.42635658914728,
  "short_trades_pct": 44.57364341085272,
  "long_win_rate": 31.46853146853147,
  "short_win_rate": 32.608695652173914,
  "initial_capital": 1000000,
  "commission": 1.0,
  "spread": 0.0,
  "pip_size": 0.0001
}