{
  "total_return": -4784.473271766656,
  "return_pct": -0.4784473271766656,
  "cagr": -0.02292267987014096,
  "total_trades": 818,
  "win_rate": 51.955990220048896,
  "avg_trade": -5.848989329788088,
  "avg_win": 1550.2377068965277,
  "avg_loss": -1688.639945808628,
  "avg_win_pips": 14.675862857142844,
  "avg_loss_pips": -15.810303525990605,
  "profit_factor": 0.99279051033117,
  "sharpe_ratio": -0.046976084980144085,
  "sortino_ratio": -0.13915603196284218,
  "max_drawdown": -65811.84654164006,
  "max_drawdown_pct": -6.581184654164006,
  "max_consecutive_wins": 12,
  "max_consecutive_losses": 9,
  "duration_sec": 10.974018812179565,
  "long_trades_pct": 52.567237163814184,
  "short_trades_pct": 47.43276283618582,
  "long_win_rate": 48.604651162790695,
  "short_win_rate": 55.670103092783506,
  "initial_capital": 1000000,
  "commission": 1.0,
  "spread": 0.0,
  "pip_size": 0.0001
}