{
  "total_return": -2644121.7781971423,
  "return_pct": -264.41217781971426,
  "cagr": 0.0,
  "total_trades": 83,
  "win_rate": 25.301204819277107,
  "avg_trade": -31856.888893941472,
  "avg_win": 323558.7210750359,
  "avg_loss": -152239.59549633705,
  "avg_win_pips": 2060.3963140616315,
  "avg_loss_pips": -1155.996616159341,
  "profit_factor": 0.7198683738238209,
  "sharpe_ratio": -1.960766586636586,
  "sortino_ratio": -4.7776727926909475,
  "max_drawdown": -4230574.454071562,
  "max_drawdown_pct": -423.05744540715614,
  "max_consecutive_wins": 2,
  "max_consecutive_losses": 11,
  "duration_sec": 1.7921347618103027,
  "long_trades_pct": 66.26506024096386,
  "short_trades_pct": 33.734939759036145,
  "long_win_rate": 27.27272727272727,
  "short_win_rate": 21.428571428571427,
  "initial_capital": 1000000,
  "commission": 1.0,
  "spread": 0.0,
  "pip_size": 0.0001
}