{
  "total_return": -21948.93618434268,
  "return_pct": -2.1948936184342682,
  "cagr": -0.10603115139173891,
  "total_trades": 137,
  "win_rate": 43.79562043795621,
  "avg_trade": -160.21121302439914,
  "avg_win": 1975.4752896327366,
  "avg_loss": -1824.3825137961921,
  "avg_win_pips": 36.652564285714256,
  "avg_loss_pips": -32.399489795918356,
  "profit_factor": 0.8437547405099605,
  "sharpe_ratio": -1.0550605108506905,
  "sortino_ratio": -2.382759137303688,
  "max_drawdown": -21222.668177508065,
  "max_drawdown_pct": -2.1222668177508064,
  "max_consecutive_wins": 6,
  "max_consecutive_losses": 7,
  "duration_sec": 4.517809152603149,
  "long_trades_pct": 54.74452554744526,
  "short_trades_pct": 45.25547445255474,
  "long_win_rate": 44.0,
  "short_win_rate": 43.54838709677419,
  "initial_capital": 1000000,
  "commission": 1.0,
  "spread": 0.0,
  "pip_size": 0.0001
}