{
  "total_return": -153331.69226018828,
  "return_pct": -15.333169226018828,
  "cagr": -1.042706758582268,
  "total_trades": 406,
  "win_rate": 34.97536945812808,
  "avg_trade": -377.66426665071003,
  "avg_win": 3244.501064552455,
  "avg_loss": -2325.950164494837,
  "avg_win_pips": 32.45501064552455,
  "avg_loss_pips": -23.249501644948367,
  "profit_factor": 0.7502947941500426,
  "sharpe_ratio": -1.8296874982243736,
  "sortino_ratio": -4.25271960882106,
  "max_drawdown": -190239.45108079226,
  "max_drawdown_pct": -19.023945108079225,
  "max_consecutive_wins": 4,
  "max_consecutive_losses": 10,
  "duration_sec": 3.099184989929199,
  "long_trades_pct": 48.52216748768473,
  "short_trades_pct": 51.47783251231527,
  "long_win_rate": 34.51776649746193,
  "short_win_rate": 35.406698564593306,
  "initial_capital": 1000000,
  "commission": 1.0,
  "spread": 0.0,
  "pip_size": 0.0001
}