{
  "total_return": -77296.79758919305,
  "return_pct": -7.729679758919305,
  "cagr": -0.5052441584108558,
  "total_trades": 47,
  "win_rate": 29.78723404255319,
  "avg_trade": -1644.612714663682,
  "avg_win": 6289.296881057613,
  "avg_loss": -5010.513755272716,
  "avg_win_pips": 48.39427285701398,
  "avg_loss_pips": -34.72166344549677,
  "profit_factor": 0.5325175592607416,
  "sharpe_ratio": -3.9663465682843664,
  "sortino_ratio": -9.098556216103129,
  "max_drawdown": -94304.62915003486,
  "max_drawdown_pct": -9.430462915003487,
  "max_consecutive_wins": 4,
  "max_consecutive_losses": 13,
  "duration_sec": 0.8272418975830078,
  "long_trades_pct": 55.319148936170215,
  "short_trades_pct": 44.680851063829785,
  "long_win_rate": 23.076923076923077,
  "short_win_rate": 38.095238095238095,
  "initial_capital": 1000000,
  "commission": 1.0,
  "spread": 0.0,
  "pip_size": 0.0001
}