{
  "total_return": 326868.14285713667,
  "return_pct": 32.686814285713666,
  "cagr": 1.3611037905568946,
  "total_trades": 539,
  "win_rate": 41.74397031539889,
  "avg_trade": 606.43440233235,
  "avg_win": 13143.95809523808,
  "avg_loss": -8377.459963603285,
  "avg_win_pips": 65.72479047619039,
  "avg_loss_pips": -41.88229981801642,
  "profit_factor": 1.12425978174786,
  "sharpe_ratio": 0.8176473461102781,
  "sortino_ratio": 2.456637177476934,
  "max_drawdown": -181147.8571428573,
  "max_drawdown_pct": -18.11478571428573,
  "max_consecutive_wins": 5,
  "max_consecutive_losses": 14,
  "duration_sec": 2.4965898990631104,
  "long_trades_pct": 49.16512059369202,
  "short_trades_pct": 50.83487940630798,
  "long_win_rate": 40.0,
  "short_win_rate": 43.43065693430657,
  "initial_capital": 1000000,
  "commission": 1.0,
  "spread": 0.0,
  "pip_size": 0.0001
}