{
  "total_return": 247320.428571433,
  "return_pct": 24.7320428571433,
  "cagr": 1.4014427041873834,
  "total_trades": 5591,
  "win_rate": 34.07261670541942,
  "avg_trade": 44.23545494033858,
  "avg_win": 6555.1904761904825,
  "avg_loss": -3320.7589334160166,
  "avg_win_pips": 32.780952380952414,
  "avg_loss_pips": -16.59879466708008,
  "profit_factor": 1.0202053933661994,
  "sharpe_ratio": 0.13278784069028018,
  "sortino_ratio": 0.4114929569361936,
  "max_drawdown": -338256.85714285576,
  "max_drawdown_pct": -33.82568571428558,
  "max_consecutive_wins": 8,
  "max_consecutive_losses": 18,
  "duration_sec": 6.422778129577637,
  "long_trades_pct": 49.04310499016276,
  "short_trades_pct": 50.95689500983723,
  "long_win_rate": 35.010940919037196,
  "short_win_rate": 33.169533169533175,
  "initial_capital": 1000000,
  "commission": 1.0,
  "spread": 0.0,
  "pip_size": 0.0001
}