{
  "total_return": -153520.59828444294,
  "return_pct": -15.352059828444295,
  "cagr": -1.0440973128593378,
  "total_trades": 743,
  "win_rate": 32.3014804845222,
  "avg_trade": -206.62260872737946,
  "avg_win": 1838.997613091499,
  "avg_loss": -1182.664066454081,
  "avg_win_pips": 13.07795162629808,
  "avg_loss_pips": -8.189671386198762,
  "profit_factor": 0.7419301510848322,
  "sharpe_ratio": -1.769186557038199,
  "sortino_ratio": -3.8167884226852307,
  "max_drawdown": -166679.22499252236,
  "max_drawdown_pct": -16.667922499252235,
  "max_consecutive_wins": 5,
  "max_consecutive_losses": 23,
  "duration_sec": 13.271034717559814,
  "long_trades_pct": 51.95154777927322,
  "short_trades_pct": 48.04845222072679,
  "long_win_rate": 34.196891191709845,
  "short_win_rate": 30.252100840336134,
  "initial_capital": 1000000,
  "commission": 1.0,
  "spread": 0.0,
  "pip_size": 0.0001
}