{
  "total_return": -275060.999999998,
  "return_pct": -27.5060999999998,
  "cagr": -2.004953870842041,
  "total_trades": 1718,
  "win_rate": 31.31548311990687,
  "avg_trade": -160.10535506402678,
  "avg_win": 17026.900955921406,
  "avg_loss": -7996.215012106538,
  "avg_win_pips": 85.13950477960702,
  "avg_loss_pips": -39.976075060532686,
  "profit_factor": 0.9708483898919733,
  "sharpe_ratio": -0.20591509134056257,
  "sortino_ratio": -0.8760600498056125,
  "max_drawdown": -854266.9999999994,
  "max_drawdown_pct": -85.42669999999994,
  "max_consecutive_wins": 5,
  "max_consecutive_losses": 13,
  "duration_sec": 0.3500349521636963,
  "long_trades_pct": 48.25378346915017,
  "short_trades_pct": 51.74621653084982,
  "long_win_rate": 32.448733413751505,
  "short_win_rate": 30.25871766029246,
  "initial_capital": 1000000,
  "commission": 1.0,
  "spread": 0.0,
  "pip_size": 0.0001
}