{
  "total_return": -58530.456762243135,
  "return_pct": -5.853045676224314,
  "cagr": -0.37909729012675086,
  "total_trades": 219,
  "win_rate": 30.136986301369863,
  "avg_trade": -267.26235964494583,
  "avg_win": 3991.7225724335813,
  "avg_loss": -2104.4715460317616,
  "avg_win_pips": 39.92722572433581,
  "avg_loss_pips": -21.034715460317614,
  "profit_factor": 0.8182194453028696,
  "sharpe_ratio": -1.3609792990790475,
  "sortino_ratio": -4.375560790150398,
  "max_drawdown": -60089.10420014933,
  "max_drawdown_pct": -6.008910420014933,
  "max_consecutive_wins": 7,
  "max_consecutive_losses": 13,
  "duration_sec": 3.066829204559326,
  "long_trades_pct": 43.83561643835616,
  "short_trades_pct": 56.16438356164384,
  "long_win_rate": 27.083333333333332,
  "short_win_rate": 32.52032520325203,
  "initial_capital": 1000000,
  "commission": 1.0,
  "spread": 0.0,
  "pip_size": 0.0001
}