{
  "total_return": 54842.42427660203,
  "return_pct": 5.484242427660203,
  "cagr": 0.33673543055894317,
  "total_trades": 39,
  "win_rate": 38.46153846153847,
  "avg_trade": 1406.2160070923599,
  "avg_win": 11038.72171609165,
  "avg_loss": -4614.100061032198,
  "avg_win_pips": 110.39721716091654,
  "avg_loss_pips": -46.13100061032198,
  "profit_factor": 1.495243055265233,
  "sharpe_ratio": 2.6896281142480345,
  "sortino_ratio": 11.509272631040762,
  "max_drawdown": -26050.920733548817,
  "max_drawdown_pct": -2.6050920733548817,
  "max_consecutive_wins": 2,
  "max_consecutive_losses": 5,
  "duration_sec": 0.7975013256072998,
  "long_trades_pct": 58.97435897435898,
  "short_trades_pct": 41.02564102564102,
  "long_win_rate": 47.82608695652174,
  "short_win_rate": 25.0,
  "initial_capital": 1000000,
  "commission": 1.0,
  "spread": 0.0,
  "pip_size": 0.0001
}