{
  "total_return": -72712.92143324134,
  "return_pct": -7.271292143324135,
  "cagr": -0.4742765788865011,
  "total_trades": 730,
  "win_rate": 49.04109589041096,
  "avg_trade": -99.6067416893717,
  "avg_win": 2410.712594913564,
  "avg_loss": -2515.451694656713,
  "avg_win_pips": 14.775527533918648,
  "avg_loss_pips": -15.76468125960062,
  "profit_factor": 0.9222943366482925,
  "sharpe_ratio": -0.5317971347081395,
  "sortino_ratio": -1.592613544842588,
  "max_drawdown": -164403.34595664605,
  "max_drawdown_pct": -16.440334595664606,
  "max_consecutive_wins": 8,
  "max_consecutive_losses": 8,
  "duration_sec": 7.93643593788147,
  "long_trades_pct": 46.3013698630137,
  "short_trades_pct": 53.6986301369863,
  "long_win_rate": 49.112426035502956,
  "short_win_rate": 48.97959183673469,
  "initial_capital": 1000000,
  "commission": 1.0,
  "spread": 0.0,
  "pip_size": 0.0001
}