{
  "total_return": 5611080.988379066,
  "return_pct": 561.1080988379066,
  "cagr": 172.16962514358988,
  "total_trades": 280,
  "win_rate": 49.28571428571429,
  "avg_trade": 20039.574958496665,
  "avg_win": 274494.4503057425,
  "avg_loss": -227247.55742122116,
  "avg_win_pips": 1339.0697722567286,
  "avg_loss_pips": -1116.8370221327898,
  "profit_factor": 1.173883738492715,
  "sharpe_ratio": 1.0340353530729431,
  "sortino_ratio": 3.0206323780779556,
  "max_drawdown": -4538619.267984494,
  "max_drawdown_pct": -453.8619267984494,
  "max_consecutive_wins": 7,
  "max_consecutive_losses": 8,
  "duration_sec": 3.894458770751953,
  "long_trades_pct": 59.64285714285714,
  "short_trades_pct": 40.35714285714286,
  "long_win_rate": 45.50898203592814,
  "short_win_rate": 54.86725663716814,
  "initial_capital": 1000000,
  "commission": 1.0,
  "spread": 0.0,
  "pip_size": 0.0001
}