{
  "total_return": -656590.2857144461,
  "return_pct": -65.65902857144461,
  "cagr": -6.494192133386467,
  "total_trades": 4453,
  "win_rate": 42.21872894677745,
  "avg_trade": -147.44897500885833,
  "avg_win": 2196.8787993920632,
  "avg_loss": -1860.3662761646035,
  "avg_win_pips": 10.989393996960315,
  "avg_loss_pips": -9.296831380823019,
  "profit_factor": 0.8628309254375568,
  "sharpe_ratio": -1.0947941307306264,
  "sortino_ratio": -2.799483536483689,
  "max_drawdown": -709556.1428573058,
  "max_drawdown_pct": -70.95561428573059,
  "max_consecutive_wins": 8,
  "max_consecutive_losses": 18,
  "duration_sec": 26.866726875305176,
  "long_trades_pct": 51.785313271951495,
  "short_trades_pct": 48.214686728048505,
  "long_win_rate": 41.76062445793582,
  "short_win_rate": 42.71075919888216,
  "initial_capital": 1000000,
  "commission": 1.0,
  "spread": 0.0001,
  "pip_size": 0.0001
}