{
  "total_return": -48270.92857142135,
  "return_pct": -4.8270928571421345,
  "cagr": -0.2362170672440822,
  "total_trades": 12362,
  "win_rate": 33.61915547646012,
  "avg_trade": -3.9047830910387757,
  "avg_win": 2499.3275814656954,
  "avg_loss": -1271.6885641168478,
  "avg_win_pips": 25.003275814656956,
  "avg_loss_pips": -12.706885641168476,
  "profit_factor": 0.9953743435450955,
  "sharpe_ratio": -0.029930582527378014,
  "sortino_ratio": -0.08460196488274178,
  "max_drawdown": -303645.85714285163,
  "max_drawdown_pct": -30.364585714285163,
  "max_consecutive_wins": 6,
  "max_consecutive_losses": 21,
  "duration_sec": 10.769290208816528,
  "long_trades_pct": 52.57239928814108,
  "short_trades_pct": 47.42760071185892,
  "long_win_rate": 33.82058778273581,
  "short_win_rate": 33.39587242026266,
  "initial_capital": 1000000,
  "commission": 1.0,
  "spread": 0.0,
  "pip_size": 0.0001
}