{
  "total_return": -54261.76345699713,
  "return_pct": -5.426176345699712,
  "cagr": -0.35071283654922736,
  "total_trades": 594,
  "win_rate": 45.79124579124579,
  "avg_trade": -91.34977012962479,
  "avg_win": 1879.7099923729638,
  "avg_loss": -1756.344352119389,
  "avg_win_pips": 14.510568277310895,
  "avg_loss_pips": -13.102495563442755,
  "profit_factor": 0.9040536708297756,
  "sharpe_ratio": -0.6869579873377681,
  "sortino_ratio": -2.4551186462452264,
  "max_drawdown": -95108.81853383369,
  "max_drawdown_pct": -9.51088185338337,
  "max_consecutive_wins": 6,
  "max_consecutive_losses": 13,
  "duration_sec": 12.864650011062622,
  "long_trades_pct": 47.30639730639731,
  "short_trades_pct": 52.69360269360269,
  "long_win_rate": 45.90747330960854,
  "short_win_rate": 45.68690095846645,
  "initial_capital": 1000000,
  "commission": 1.0,
  "spread": 0.0,
  "pip_size": 0.0001
}