{
  "total_return": 199756.8571428609,
  "return_pct": 19.975685714286094,
  "cagr": 1.1534800433755432,
  "total_trades": 2756,
  "win_rate": 33.88969521044993,
  "avg_trade": 72.4807173958131,
  "avg_win": 6310.336035484853,
  "avg_loss": -3125.190450054881,
  "avg_win_pips": 63.11336035484853,
  "avg_loss_pips": -31.241904500548802,
  "profit_factor": 1.0350813934400591,
  "sharpe_ratio": 0.23662907242785325,
  "sortino_ratio": 0.7352049737196975,
  "max_drawdown": -303465.4285714324,
  "max_drawdown_pct": -30.346542857143245,
  "max_consecutive_wins": 9,
  "max_consecutive_losses": 15,
  "duration_sec": 1.6346120834350586,
  "long_trades_pct": 51.37880986937591,
  "short_trades_pct": 48.62119013062409,
  "long_win_rate": 33.12146892655367,
  "short_win_rate": 34.701492537313435,
  "initial_capital": 1000000,
  "commission": 1.0,
  "spread": 0.0,
  "pip_size": 0.0001
}