{
  "total_return": -78761.89355874782,
  "return_pct": -7.876189355874782,
  "cagr": -0.5152871519628066,
  "total_trades": 821,
  "win_rate": 47.259439707673565,
  "avg_trade": -95.93409690468674,
  "avg_win": 3034.7450058318504,
  "avg_loss": -2901.253939541584,
  "avg_win_pips": 20.351807437407896,
  "avg_loss_pips": -18.92317387000996,
  "profit_factor": 0.9373036137685307,
  "sharpe_ratio": -0.433043814241505,
  "sortino_ratio": -1.420982746393315,
  "max_drawdown": -135530.85647384266,
  "max_drawdown_pct": -13.553085647384266,
  "max_consecutive_wins": 9,
  "max_consecutive_losses": 10,
  "duration_sec": 8.254772901535034,
  "long_trades_pct": 50.06090133982948,
  "short_trades_pct": 49.93909866017052,
  "long_win_rate": 43.79562043795621,
  "short_win_rate": 50.73170731707317,
  "initial_capital": 1000000,
  "commission": 1.0,
  "spread": 0.0,
  "pip_size": 0.0001
}