{
  "total_return": -34715879.428571224,
  "return_pct": -3471.587942857123,
  "cagr": 0.0,
  "total_trades": 208,
  "win_rate": 29.807692307692307,
  "avg_trade": -166903.2664835155,
  "avg_win": 2571076.188940096,
  "avg_loss": -1329606.8708414878,
  "avg_win_pips": 12855.385944700485,
  "avg_loss_pips": -6648.02935420744,
  "profit_factor": 0.8211651870183123,
  "sharpe_ratio": -1.3936612163562223,
  "sortino_ratio": -5.3589599500775025,
  "max_drawdown": -39990091.85714276,
  "max_drawdown_pct": -3999.0091857142756,
  "max_consecutive_wins": 4,
  "max_consecutive_losses": 11,
  "duration_sec": 0.04332304000854492,
  "long_trades_pct": 51.442307692307686,
  "short_trades_pct": 48.55769230769231,
  "long_win_rate": 29.906542056074763,
  "short_win_rate": 29.7029702970297,
  "initial_capital": 1000000,
  "commission": 1.0,
  "spread": 0.0,
  "pip_size": 0.0001
}