{
  "total_return": -116913.0487614401,
  "return_pct": -11.691304876144011,
  "cagr": -0.7797764744462032,
  "total_trades": 110,
  "win_rate": 26.36363636363636,
  "avg_trade": -1062.8458978312738,
  "avg_win": 4197.659561056985,
  "avg_loss": -2946.236741136947,
  "avg_win_pips": 41.98659561056986,
  "avg_loss_pips": -29.45236741136947,
  "profit_factor": 0.510096744022524,
  "sharpe_ratio": -4.322412113612601,
  "sortino_ratio": -10.039841312013879,
  "max_drawdown": -138417.55967836635,
  "max_drawdown_pct": -13.841755967836637,
  "max_consecutive_wins": 3,
  "max_consecutive_losses": 9,
  "duration_sec": 0.7961809635162354,
  "long_trades_pct": 51.81818181818182,
  "short_trades_pct": 48.18181818181818,
  "long_win_rate": 26.31578947368421,
  "short_win_rate": 26.41509433962264,
  "initial_capital": 1000000,
  "commission": 1.0,
  "spread": 0.0,
  "pip_size": 0.0001
}