{
  "total_return": -33435.13624363583,
  "return_pct": -3.3435136243635832,
  "cagr": -0.2139261869000153,
  "total_trades": 196,
  "win_rate": 34.183673469387756,
  "avg_trade": -170.58742981446852,
  "avg_win": 3208.609005411203,
  "avg_loss": -1925.6739504355535,
  "avg_win_pips": 22.81012666366552,
  "avg_loss_pips": -13.902327557052072,
  "profit_factor": 0.8654044717148404,
  "sharpe_ratio": -0.8511395545544993,
  "sortino_ratio": -1.9599048672063608,
  "max_drawdown": -67790.90124028052,
  "max_drawdown_pct": -6.779090124028052,
  "max_consecutive_wins": 4,
  "max_consecutive_losses": 7,
  "duration_sec": 3.307202100753784,
  "long_trades_pct": 55.10204081632652,
  "short_trades_pct": 44.89795918367347,
  "long_win_rate": 33.33333333333333,
  "short_win_rate": 35.22727272727273,
  "initial_capital": 1000000,
  "commission": 1.0,
  "spread": 0.0,
  "pip_size": 0.0001
}