{
  "total_return": 29840.086586899804,
  "return_pct": 2.9840086586899806,
  "cagr": 0.14065164151606524,
  "total_trades": 234,
  "win_rate": 35.04273504273504,
  "avg_trade": 127.52173755085387,
  "avg_win": 4487.4931493844915,
  "avg_loss": -2224.5681030436085,
  "avg_win_pips": 44.88493149384491,
  "avg_loss_pips": -22.235681030436083,
  "profit_factor": 1.0882492016566023,
  "sharpe_ratio": 0.5258700668670421,
  "sortino_ratio": 1.1635811235603943,
  "max_drawdown": -70971.02569041886,
  "max_drawdown_pct": -7.097102569041885,
  "max_consecutive_wins": 4,
  "max_consecutive_losses": 11,
  "duration_sec": 4.713275909423828,
  "long_trades_pct": 58.119658119658126,
  "short_trades_pct": 41.88034188034188,
  "long_win_rate": 37.5,
  "short_win_rate": 31.63265306122449,
  "initial_capital": 1000000,
  "commission": 1.0,
  "spread": 0.0,
  "pip_size": 0.0001
}