{
  "total_return": -54579.927504984385,
  "return_pct": -5.4579927504984385,
  "cagr": -0.35276359328977325,
  "total_trades": 94,
  "win_rate": 29.78723404255319,
  "avg_trade": -580.6375266487701,
  "avg_win": 5170.0494692740585,
  "avg_loss": -3020.3229188584555,
  "avg_win_pips": 51.71049469274059,
  "avg_loss_pips": -30.193229188584553,
  "profit_factor": 0.7261986149239543,
  "sharpe_ratio": -2.0361574042298325,
  "sortino_ratio": -5.821916416840567,
  "max_drawdown": -71347.69306861682,
  "max_drawdown_pct": -7.134769306861682,
  "max_consecutive_wins": 3,
  "max_consecutive_losses": 15,
  "duration_sec": 0.8145520687103271,
  "long_trades_pct": 55.319148936170215,
  "short_trades_pct": 44.680851063829785,
  "long_win_rate": 30.76923076923077,
  "short_win_rate": 28.57142857142857,
  "initial_capital": 1000000,
  "commission": 1.0,
  "spread": 0.0,
  "pip_size": 0.0001
}