{
  "total_return": 186680.42857142515,
  "return_pct": 18.668042857142513,
  "cagr": 0.8215230791193795,
  "total_trades": 450,
  "win_rate": 41.77777777777778,
  "avg_trade": 414.84539682538923,
  "avg_win": 12698.483282674762,
  "avg_loss": -8399.368047982558,
  "avg_win_pips": 63.49741641337382,
  "avg_loss_pips": -41.99184023991279,
  "profit_factor": 1.0848302771908425,
  "sharpe_ratio": 0.16834607945914257,
  "sortino_ratio": 0.48250056644365896,
  "max_drawdown": -213775.57142857162,
  "max_drawdown_pct": -21.377557142857164,
  "max_consecutive_wins": 5,
  "max_consecutive_losses": 13,
  "duration_sec": 2.3463499546051025,
  "long_trades_pct": 49.333333333333336,
  "short_trades_pct": 50.66666666666667,
  "long_win_rate": 40.54054054054054,
  "short_win_rate": 42.98245614035088,
  "initial_capital": 1000000,
  "commission": 1.0,
  "spread": 0.0,
  "pip_size": 0.0001
}