{
  "total_return": 1697724.9652989232,
  "return_pct": 169.77249652989232,
  "cagr": 69.10158574323253,
  "total_trades": 16,
  "win_rate": 81.25,
  "avg_trade": 106107.8103311827,
  "avg_win": 223702.73702297622,
  "avg_loss": -403470.2053332555,
  "avg_win_pips": 3418.6857142857166,
  "avg_loss_pips": -4879.8095238096075,
  "profit_factor": 2.402602507659476,
  "sharpe_ratio": 4.7955653521767845,
  "sortino_ratio": 105.0124879009155,
  "max_drawdown": -412118.5399184502,
  "max_drawdown_pct": -41.21185399184502,
  "max_consecutive_wins": 9,
  "max_consecutive_losses": 1,
  "duration_sec": 0.2986900806427002,
  "long_trades_pct": 43.75,
  "short_trades_pct": 56.25,
  "long_win_rate": 85.71428571428571,
  "short_win_rate": 77.77777777777779,
  "initial_capital": 1000000,
  "commission": 1.0,
  "spread": 0.0,
  "pip_size": 0.0001
}