{
  "total_return": 257910.4285714273,
  "return_pct": 25.79104285714273,
  "cagr": 1.1028479940539793,
  "total_trades": 421,
  "win_rate": 33.966745843230406,
  "avg_trade": 612.6138445877133,
  "avg_win": 27704.094905094888,
  "avg_loss": -13322.93216855087,
  "avg_win_pips": 138.5254745254744,
  "avg_loss_pips": -66.60966084275434,
  "profit_factor": 1.0696344725647875,
  "sharpe_ratio": 0.4473482568912768,
  "sortino_ratio": 1.6329275032540724,
  "max_drawdown": -532972.5714285697,
  "max_drawdown_pct": -53.29725714285697,
  "max_consecutive_wins": 6,
  "max_consecutive_losses": 24,
  "duration_sec": 0.5915019512176514,
  "long_trades_pct": 51.543942992874115,
  "short_trades_pct": 48.45605700712589,
  "long_win_rate": 31.336405529953915,
  "short_win_rate": 36.76470588235294,
  "initial_capital": 1000000,
  "commission": 1.0,
  "spread": 0.0,
  "pip_size": 0.0001
}