{
  "total_return": -42479.67292118908,
  "return_pct": -4.247967292118908,
  "cagr": -0.20728247892722873,
  "total_trades": 189,
  "win_rate": 42.857142857142854,
  "avg_trade": -224.7601741861856,
  "avg_win": 2194.0051951626965,
  "avg_loss": -2038.8342011978473,
  "avg_win_pips": 36.96132098765427,
  "avg_loss_pips": -33.78865740740742,
  "profit_factor": 0.807080779499021,
  "sharpe_ratio": -1.3461515672444164,
  "sortino_ratio": -3.3135288991142375,
  "max_drawdown": -41085.13929261333,
  "max_drawdown_pct": -4.108513929261333,
  "max_consecutive_wins": 8,
  "max_consecutive_losses": 7,
  "duration_sec": 2.760126829147339,
  "long_trades_pct": 57.14285714285714,
  "short_trades_pct": 42.857142857142854,
  "long_win_rate": 43.51851851851852,
  "short_win_rate": 41.9753086419753,
  "initial_capital": 1000000,
  "commission": 1.0,
  "spread": 0.0,
  "pip_size": 0.0001
}