{
  "total_return": -91593.28771527906,
  "return_pct": -9.159328771527907,
  "cagr": -0.4581416588978593,
  "total_trades": 255,
  "win_rate": 38.03921568627451,
  "avg_trade": -359.1893635893297,
  "avg_win": 3323.1924158798747,
  "avg_loss": -2619.892101617892,
  "avg_win_pips": 25.386827930262722,
  "avg_loss_pips": -18.756917724895303,
  "profit_factor": 0.7787296842223552,
  "sharpe_ratio": -1.3932808605208102,
  "sortino_ratio": -2.6415605030022276,
  "max_drawdown": -147646.7919259427,
  "max_drawdown_pct": -14.76467919259427,
  "max_consecutive_wins": 4,
  "max_consecutive_losses": 7,
  "duration_sec": 4.341925144195557,
  "long_trades_pct": 47.45098039215686,
  "short_trades_pct": 52.54901960784314,
  "long_win_rate": 40.49586776859504,
  "short_win_rate": 35.82089552238806,
  "initial_capital": 1000000,
  "commission": 1.0,
  "spread": 0.0,
  "pip_size": 0.0001
}