{
  "total_return": -391286.71428571595,
  "return_pct": -39.12867142857159,
  "cagr": -3.0777291976195165,
  "total_trades": 5881,
  "win_rate": 33.63373575922462,
  "avg_trade": -66.53404425875122,
  "avg_win": 8018.924888054315,
  "avg_loss": -4164.16093847224,
  "avg_win_pips": 40.099624440271576,
  "avg_loss_pips": -20.815804692361198,
  "profit_factor": 0.9759248476041913,
  "sharpe_ratio": -0.1632991111864426,
  "sortino_ratio": -0.5074938814680546,
  "max_drawdown": -562078.285714286,
  "max_drawdown_pct": -56.20782857142861,
  "max_consecutive_wins": 8,
  "max_consecutive_losses": 17,
  "duration_sec": 6.601548910140991,
  "long_trades_pct": 49.464376806665534,
  "short_trades_pct": 50.535623193334466,
  "long_win_rate": 32.691646613956685,
  "short_win_rate": 34.55585464333782,
  "initial_capital": 1000000,
  "commission": 1.0,
  "spread": 0.0,
  "pip_size": 0.0001
}