{
  "total_return": -4353511.285714131,
  "return_pct": -435.3511285714131,
  "cagr": 0.0,
  "total_trades": 297,
  "win_rate": 32.996632996633,
  "avg_trade": -14658.287157286635,
  "avg_win": 781321.8862973766,
  "avg_loss": -406648.52333093976,
  "avg_win_pips": 7813.228862973764,
  "avg_loss_pips": -4066.475233309398,
  "profit_factor": 0.9462018429206547,
  "sharpe_ratio": -0.38480867828960674,
  "sortino_ratio": -1.1981384875477075,
  "max_drawdown": -11806016.285714198,
  "max_drawdown_pct": -1180.60162857142,
  "max_consecutive_wins": 4,
  "max_consecutive_losses": 9,
  "duration_sec": 0.19825005531311035,
  "long_trades_pct": 63.97306397306397,
  "short_trades_pct": 36.02693602693603,
  "long_win_rate": 32.631578947368425,
  "short_win_rate": 33.64485981308411,
  "initial_capital": 1000000,
  "commission": 1.0,
  "spread": 0.0,
  "pip_size": 0.0001
}