{
  "total_return": -25927.13449769998,
  "return_pct": -2.592713449769998,
  "cagr": -0.16526259174631797,
  "total_trades": 59,
  "win_rate": 28.8135593220339,
  "avg_trade": -439.44295758813524,
  "avg_win": 6671.245779387455,
  "avg_loss": -3317.5788749353983,
  "avg_win_pips": 66.72245779387454,
  "avg_loss_pips": -33.16578874935398,
  "profit_factor": 0.8139267371155614,
  "sharpe_ratio": -1.4007290490622446,
  "sortino_ratio": -4.772008529638809,
  "max_drawdown": -43041.18285124739,
  "max_drawdown_pct": -4.304118285124739,
  "max_consecutive_wins": 3,
  "max_consecutive_losses": 7,
  "duration_sec": 0.7785120010375977,
  "long_trades_pct": 62.71186440677966,
  "short_trades_pct": 37.28813559322034,
  "long_win_rate": 35.13513513513514,
  "short_win_rate": 18.181818181818183,
  "initial_capital": 1000000,
  "commission": 1.0,
  "spread": 0.0,
  "pip_size": 0.0001
}