{
  "total_return": 8215517.49861625,
  "return_pct": 821.551749861625,
  "cagr": 224.56930575880253,
  "total_trades": 17,
  "win_rate": 58.82352941176471,
  "avg_trade": 483265.7352127206,
  "avg_win": 973531.0086124858,
  "avg_loss": -217113.22678694394,
  "avg_win_pips": 6583.59646086049,
  "avg_loss_pips": -1728.351810474221,
  "profit_factor": 6.40568335846665,
  "sharpe_ratio": 9.234682126414203,
  "sortino_ratio": 33.86646844449323,
  "max_drawdown": -893750.1835611435,
  "max_drawdown_pct": -89.37501835611434,
  "max_consecutive_wins": 3,
  "max_consecutive_losses": 2,
  "duration_sec": 0.38434410095214844,
  "long_trades_pct": 41.17647058823529,
  "short_trades_pct": 58.82352941176471,
  "long_win_rate": 28.57142857142857,
  "short_win_rate": 80.0,
  "initial_capital": 1000000,
  "commission": 1.0,
  "spread": 0.0,
  "pip_size": 0.0001
}