{
  "total_return": -105862.63142479505,
  "return_pct": -10.586263142479504,
  "cagr": -0.5334492245792855,
  "total_trades": 239,
  "win_rate": 33.47280334728033,
  "avg_trade": -442.93988043847304,
  "avg_win": 3721.797002137214,
  "avg_loss": -2538.404978589762,
  "avg_win_pips": 28.188882365076267,
  "avg_loss_pips": -19.404444828423234,
  "profit_factor": 0.7377082384492546,
  "sharpe_ratio": -1.7668799457606181,
  "sortino_ratio": -3.202685428697413,
  "max_drawdown": -114386.94827531822,
  "max_drawdown_pct": -11.438694827531823,
  "max_consecutive_wins": 5,
  "max_consecutive_losses": 11,
  "duration_sec": 4.40025520324707,
  "long_trades_pct": 58.15899581589959,
  "short_trades_pct": 41.84100418410041,
  "long_win_rate": 34.53237410071942,
  "short_win_rate": 32.0,
  "initial_capital": 1000000,
  "commission": 1.0,
  "spread": 0.0,
  "pip_size": 0.0001
}