{
  "total_return": 316532.9999999967,
  "return_pct": 31.653299999999668,
  "cagr": 1.7465787613984762,
  "total_trades": 1818,
  "win_rate": 32.72827282728273,
  "avg_trade": 174.1105610561038,
  "avg_win": 14883.951980792312,
  "avg_loss": -6982.35358018923,
  "avg_win_pips": 74.42475990396156,
  "avg_loss_pips": -34.90676790094616,
  "profit_factor": 1.037067278368856,
  "sharpe_ratio": 0.2549315052833071,
  "sortino_ratio": 1.1298516642953802,
  "max_drawdown": -340724.71428571397,
  "max_drawdown_pct": -34.0724714285714,
  "max_consecutive_wins": 5,
  "max_consecutive_losses": 14,
  "duration_sec": 0.3592557907104492,
  "long_trades_pct": 50.22002200220022,
  "short_trades_pct": 49.779977997799776,
  "long_win_rate": 32.74917853231106,
  "short_win_rate": 32.707182320441994,
  "initial_capital": 1000000,
  "commission": 1.0,
  "spread": 0.0,
  "pip_size": 0.0001
}