{
  "total_return": 32525.883740512214,
  "return_pct": 3.2525883740512214,
  "cagr": 0.15312016966342323,
  "total_trades": 250,
  "win_rate": 34.4,
  "avg_trade": 130.10353496204885,
  "avg_win": 4706.494008441187,
  "avg_loss": -2269.710981618475,
  "avg_win_pips": 47.07494008441188,
  "avg_loss_pips": -22.68710981618475,
  "profit_factor": 1.0873805347903562,
  "sharpe_ratio": 0.5330910485129825,
  "sortino_ratio": 1.5539762490351117,
  "max_drawdown": -65025.39008389719,
  "max_drawdown_pct": -6.502539008389718,
  "max_consecutive_wins": 4,
  "max_consecutive_losses": 15,
  "duration_sec": 4.127861022949219,
  "long_trades_pct": 47.199999999999996,
  "short_trades_pct": 52.800000000000004,
  "long_win_rate": 37.28813559322034,
  "short_win_rate": 31.818181818181817,
  "initial_capital": 1000000,
  "commission": 1.0,
  "spread": 0.0,
  "pip_size": 0.0001
}