{
  "total_return": -57183.795570489216,
  "return_pct": -5.718379557048921,
  "cagr": -0.37006605191449715,
  "total_trades": 143,
  "win_rate": 44.75524475524475,
  "avg_trade": -399.8866823111134,
  "avg_win": 1793.9195096342369,
  "avg_loss": -2177.1473947731693,
  "avg_win_pips": 23.828513392857193,
  "avg_loss_pips": -29.96648282097648,
  "profit_factor": 0.6675257195317674,
  "sharpe_ratio": -2.653460449426983,
  "sortino_ratio": -7.496328419581945,
  "max_drawdown": -65848.15062853802,
  "max_drawdown_pct": -6.584815062853802,
  "max_consecutive_wins": 7,
  "max_consecutive_losses": 9,
  "duration_sec": 2.200850248336792,
  "long_trades_pct": 47.55244755244755,
  "short_trades_pct": 52.44755244755245,
  "long_win_rate": 47.05882352941176,
  "short_win_rate": 42.66666666666667,
  "initial_capital": 1000000,
  "commission": 1.0,
  "spread": 0.0,
  "pip_size": 0.0001
}