{
  "total_return": -798171.8571428412,
  "return_pct": -79.81718571428412,
  "cagr": -9.586803602250182,
  "total_trades": 6999,
  "win_rate": 31.475925132161738,
  "avg_trade": -114.04084256934436,
  "avg_win": 10520.953829193959,
  "avg_loss": -4999.131180745858,
  "avg_win_pips": 52.60976914596979,
  "avg_loss_pips": -24.990655903729287,
  "profit_factor": 0.966709317153359,
  "sharpe_ratio": -0.23196702555034515,
  "sortino_ratio": -0.8286201155481254,
  "max_drawdown": -1342888.8571428456,
  "max_drawdown_pct": -134.28888571428456,
  "max_consecutive_wins": 7,
  "max_consecutive_losses": 19,
  "duration_sec": 1.5121479034423828,
  "long_trades_pct": 51.50735819402772,
  "short_trades_pct": 48.49264180597228,
  "long_win_rate": 31.373092926490987,
  "short_win_rate": 31.585150265173834,
  "initial_capital": 1000000,
  "commission": 1.0,
  "spread": 0.0,
  "pip_size": 0.0001
}