{
  "total_return": 7788974.428571831,
  "return_pct": 778.8974428571831,
  "cagr": 216.51685909817851,
  "total_trades": 597,
  "win_rate": 42.211055276381906,
  "avg_trade": 13046.8583393163,
  "avg_win": 401040.6666666673,
  "avg_loss": -270357.3146997923,
  "avg_win_pips": 2005.2083333333367,
  "avg_loss_pips": -1351.7815734989613,
  "profit_factor": 1.0835070340123427,
  "sharpe_ratio": 0.5478473839291259,
  "sortino_ratio": 1.4754320223878221,
  "max_drawdown": -6476277.7142857555,
  "max_drawdown_pct": -647.6277714285756,
  "max_consecutive_wins": 8,
  "max_consecutive_losses": 10,
  "duration_sec": 3.592350959777832,
  "long_trades_pct": 55.9463986599665,
  "short_trades_pct": 44.0536013400335,
  "long_win_rate": 43.11377245508982,
  "short_win_rate": 41.06463878326996,
  "initial_capital": 1000000,
  "commission": 1.0,
  "spread": 0.0,
  "pip_size": 0.0001
}