{
  "total_return": 121824.35714285885,
  "return_pct": 12.182435714285884,
  "cagr": 0.7264280634960096,
  "total_trades": 333,
  "win_rate": 40.84084084084084,
  "avg_trade": 365.83891033891547,
  "avg_win": 14722.216911764699,
  "avg_loss": -9545.163161711373,
  "avg_win_pips": 73.61608455882349,
  "avg_loss_pips": -47.72081580855686,
  "profit_factor": 1.064786504066771,
  "sharpe_ratio": 0.12820372896165377,
  "sortino_ratio": 0.4723827527943095,
  "max_drawdown": -155851.42857142614,
  "max_drawdown_pct": -15.585142857142614,
  "max_consecutive_wins": 5,
  "max_consecutive_losses": 7,
  "duration_sec": 1.8130953311920166,
  "long_trades_pct": 51.95195195195195,
  "short_trades_pct": 48.048048048048045,
  "long_win_rate": 38.15028901734104,
  "short_win_rate": 43.75,
  "initial_capital": 1000000,
  "commission": 1.0,
  "spread": 0.0,
  "pip_size": 0.0001
}