{
  "total_return": -148727.8571428826,
  "return_pct": -14.87278571428826,
  "cagr": -0.7667586856407782,
  "total_trades": 7765,
  "win_rate": 33.22601416613007,
  "avg_trade": -19.15361972219995,
  "avg_win": 7319.152823920265,
  "avg_loss": -3670.615649538508,
  "avg_win_pips": 36.60076411960132,
  "avg_loss_pips": -18.34807824769254,
  "profit_factor": 0.9921854378752263,
  "sharpe_ratio": -0.05035952057444854,
  "sortino_ratio": -0.13647926388640172,
  "max_drawdown": -512142.57142859686,
  "max_drawdown_pct": -51.21425714285969,
  "max_consecutive_wins": 9,
  "max_consecutive_losses": 21,
  "duration_sec": 8.684956073760986,
  "long_trades_pct": 50.05795235028976,
  "short_trades_pct": 49.94204764971023,
  "long_win_rate": 32.5958322613841,
  "short_win_rate": 33.85765858690046,
  "initial_capital": 1000000,
  "commission": 1.0,
  "spread": 0.0,
  "pip_size": 0.0001
}