{
  "total_return": -33522.63471790497,
  "return_pct": -3.3522634717904967,
  "cagr": -0.21449506611030955,
  "total_trades": 589,
  "win_rate": 48.38709677419355,
  "avg_trade": -56.914490183200286,
  "avg_win": 1443.3538688328756,
  "avg_loss": -1463.4160767607714,
  "avg_win_pips": 13.540185964912265,
  "avg_loss_pips": -13.856153665413553,
  "profit_factor": 0.9246476607158547,
  "sharpe_ratio": -0.5203112243582619,
  "sortino_ratio": -1.695493524728202,
  "max_drawdown": -65979.58972455094,
  "max_drawdown_pct": -6.5979589724550936,
  "max_consecutive_wins": 7,
  "max_consecutive_losses": 8,
  "duration_sec": 8.25799822807312,
  "long_trades_pct": 49.06621392190153,
  "short_trades_pct": 50.93378607809848,
  "long_win_rate": 45.32871972318339,
  "short_win_rate": 51.33333333333333,
  "initial_capital": 1000000,
  "commission": 1.0,
  "spread": 0.0,
  "pip_size": 0.0001
}