{
  "total_return": 275665.1428571444,
  "return_pct": 27.56651428571444,
  "cagr": 1.5450310716586424,
  "total_trades": 1252,
  "win_rate": 34.584664536741215,
  "avg_trade": 220.1798265632144,
  "avg_win": 11636.413394919173,
  "avg_loss": -5815.508983080412,
  "avg_win_pips": 58.18706697459586,
  "avg_loss_pips": -29.07254491540206,
  "profit_factor": 1.0578775610174989,
  "sharpe_ratio": 0.3860083808013343,
  "sortino_ratio": 1.4105618592603402,
  "max_drawdown": -378792.71428571455,
  "max_drawdown_pct": -37.87927142857146,
  "max_consecutive_wins": 5,
  "max_consecutive_losses": 22,
  "duration_sec": 1.7202203273773193,
  "long_trades_pct": 49.12140575079872,
  "short_trades_pct": 50.87859424920128,
  "long_win_rate": 34.796747967479675,
  "short_win_rate": 34.37990580847723,
  "initial_capital": 1000000,
  "commission": 1.0,
  "spread": 0.0,
  "pip_size": 0.0001
}