{
  "total_return": 445902.2857142903,
  "return_pct": 44.59022857142903,
  "cagr": 2.34923760368142,
  "total_trades": 4334,
  "win_rate": 43.00876788186433,
  "avg_trade": 102.88469905728894,
  "avg_win": 3321.8531575720426,
  "avg_loss": -2326.3287449392697,
  "avg_win_pips": 16.614265787860212,
  "avg_loss_pips": -11.626643724696349,
  "profit_factor": 1.077601775575613,
  "sharpe_ratio": 0.5329552318699,
  "sortino_ratio": 1.279192821475843,
  "max_drawdown": -84655.4285714273,
  "max_drawdown_pct": -8.46554285714273,
  "max_consecutive_wins": 12,
  "max_consecutive_losses": 12,
  "duration_sec": 27.962095022201538,
  "long_trades_pct": 50.669127826488236,
  "short_trades_pct": 49.33087217351177,
  "long_win_rate": 43.806921675774134,
  "short_win_rate": 42.1889616463985,
  "initial_capital": 1000000,
  "commission": 1.0,
  "spread": 0.0,
  "pip_size": 0.0001
}