{
  "total_return": 283944.4654903448,
  "return_pct": 28.39444654903448,
  "cagr": 1.2018974304929708,
  "total_trades": 3390,
  "win_rate": 52.18289085545723,
  "avg_trade": 83.75942934818431,
  "avg_win": 1439.2781304503417,
  "avg_loss": -1395.520386968729,
  "avg_win_pips": 8.088371396269025,
  "avg_loss_pips": -7.658400458270905,
  "profit_factor": 1.1255203691357558,
  "sharpe_ratio": 0.7613021889632872,
  "sortino_ratio": 2.129502489015574,
  "max_drawdown": -64837.188274565386,
  "max_drawdown_pct": -6.4837188274565385,
  "max_consecutive_wins": 10,
  "max_consecutive_losses": 13,
  "duration_sec": 42.949485063552856,
  "long_trades_pct": 53.657817109144545,
  "short_trades_pct": 46.342182890855455,
  "long_win_rate": 52.391423859263334,
  "short_win_rate": 51.941438574156585,
  "initial_capital": 1000000,
  "commission": 1.0,
  "spread": 0.0,
  "pip_size": 0.0001
}