{
  "total_return": -14319.13035653023,
  "return_pct": -1.431913035653023,
  "cagr": -0.09076844558310038,
  "total_trades": 42,
  "win_rate": 26.190476190476193,
  "avg_trade": -340.9316751554817,
  "avg_win": 7695.15809012648,
  "avg_loss": -3192.4473983200483,
  "avg_win_pips": 76.9615809012648,
  "avg_loss_pips": -31.914473983200487,
  "profit_factor": 0.8553124380063767,
  "sharpe_ratio": -0.9868970994042007,
  "sortino_ratio": -3.7327324382851224,
  "max_drawdown": -39841.903311804745,
  "max_drawdown_pct": -3.9841903311804745,
  "max_consecutive_wins": 2,
  "max_consecutive_losses": 10,
  "duration_sec": 0.7996819019317627,
  "long_trades_pct": 66.66666666666666,
  "short_trades_pct": 33.33333333333333,
  "long_win_rate": 28.57142857142857,
  "short_win_rate": 21.428571428571427,
  "initial_capital": 1000000,
  "commission": 1.0,
  "spread": 0.0,
  "pip_size": 0.0001
}