{
  "total_return": 190648.9285714273,
  "return_pct": 19.06489285714273,
  "cagr": 1.1049490770383752,
  "total_trades": 1635,
  "win_rate": 41.10091743119266,
  "avg_trade": 116.60484927916043,
  "avg_win": 4645.717793367347,
  "avg_loss": -3043.897641299512,
  "avg_win_pips": 23.233588966836734,
  "avg_loss_pips": -15.214488206497558,
  "profit_factor": 1.0650396263661903,
  "sharpe_ratio": 0.45024069907783465,
  "sortino_ratio": 1.4668129839996429,
  "max_drawdown": -165071.14285714293,
  "max_drawdown_pct": -16.50711428571429,
  "max_consecutive_wins": 7,
  "max_consecutive_losses": 15,
  "duration_sec": 7.3122169971466064,
  "long_trades_pct": 46.54434250764526,
  "short_trades_pct": 53.45565749235474,
  "long_win_rate": 40.473061760841,
  "short_win_rate": 41.64759725400457,
  "initial_capital": 1000000,
  "commission": 1.0,
  "spread": 0.0,
  "pip_size": 0.0001
}