{
  "total_return": 597720.7142856977,
  "return_pct": 59.77207142856976,
  "cagr": 2.2651390124049042,
  "total_trades": 37108,
  "win_rate": 32.87431281664331,
  "avg_trade": 16.1075971296135,
  "avg_win": 4134.5359924115555,
  "avg_loss": -2000.862493763012,
  "avg_win_pips": 20.677679962057777,
  "avg_loss_pips": -9.999312468815061,
  "profit_factor": 1.0119929154161984,
  "sharpe_ratio": 0.07659102102213179,
  "sortino_ratio": 0.22567880944711122,
  "max_drawdown": -933533.7142857093,
  "max_drawdown_pct": -93.35337142857092,
  "max_consecutive_wins": 8,
  "max_consecutive_losses": 20,
  "duration_sec": 6.767996311187744,
  "long_trades_pct": 50.25870432251806,
  "short_trades_pct": 49.74129567748194,
  "long_win_rate": 33.19571045576408,
  "short_win_rate": 32.54957200130025,
  "initial_capital": 1000000,
  "commission": 1.0,
  "spread": 0.0,
  "pip_size": 0.0001
}