{
  "total_return": 214833.78571428556,
  "return_pct": 21.483378571428556,
  "cagr": 1.230075397706587,
  "total_trades": 5365,
  "win_rate": 41.90121155638397,
  "avg_trade": 40.04357608840365,
  "avg_win": 2423.2532727503813,
  "avg_loss": -1678.742242999221,
  "avg_win_pips": 12.121266363751909,
  "avg_loss_pips": -8.388711214996105,
  "profit_factor": 1.0410564845488934,
  "sharpe_ratio": 0.32189485742322754,
  "sortino_ratio": 0.8247831965293074,
  "max_drawdown": -180243.7142857123,
  "max_drawdown_pct": -18.024371428571232,
  "max_consecutive_wins": 7,
  "max_consecutive_losses": 12,
  "duration_sec": 28.296324253082275,
  "long_trades_pct": 51.705498602050326,
  "short_trades_pct": 48.294501397949674,
  "long_win_rate": 41.42033165104542,
  "short_win_rate": 42.416055576997294,
  "initial_capital": 1000000,
  "commission": 1.0,
  "spread": 0.0,
  "pip_size": 0.0001
}