{
  "total_return": 183500.4999999806,
  "return_pct": 18.35004999999806,
  "cagr": 0.8085920958844861,
  "total_trades": 7344,
  "win_rate": 41.12200435729847,
  "avg_trade": 24.986451525051823,
  "avg_win": 2958.7667218543047,
  "avg_loss": -2024.0460222016698,
  "avg_win_pips": 14.798833609271526,
  "avg_loss_pips": -10.11523011100835,
  "profit_factor": 1.020966753218557,
  "sharpe_ratio": 0.13796459611888914,
  "sortino_ratio": 0.3128320080193982,
  "max_drawdown": -309780.6428571455,
  "max_drawdown_pct": -30.978064285714552,
  "max_consecutive_wins": 8,
  "max_consecutive_losses": 20,
  "duration_sec": 38.84207201004028,
  "long_trades_pct": 50.76252723311547,
  "short_trades_pct": 49.23747276688453,
  "long_win_rate": 40.692060085836914,
  "short_win_rate": 41.565265486725664,
  "initial_capital": 1000000,
  "commission": 1.0,
  "spread": 0.0,
  "pip_size": 0.0001
}