{
  "total_return": -95277.82857143349,
  "return_pct": -9.527782857143348,
  "cagr": -0.6270509559621162,
  "total_trades": 2534,
  "win_rate": 38.16101026045777,
  "avg_trade": -37.599774495435476,
  "avg_win": 1476.2036046683404,
  "avg_loss": -971.7719938007136,
  "avg_win_pips": 14.772036046683402,
  "avg_loss_pips": -9.707719938007138,
  "profit_factor": 0.9374311063686961,
  "sharpe_ratio": -0.358073823164543,
  "sortino_ratio": -0.973100501153502,
  "max_drawdown": -193324.65714285965,
  "max_drawdown_pct": -19.332465714285966,
  "max_consecutive_wins": 7,
  "max_consecutive_losses": 14,
  "duration_sec": 42.72026491165161,
  "long_trades_pct": 51.77584846093133,
  "short_trades_pct": 48.224151539068664,
  "long_win_rate": 37.42378048780488,
  "short_win_rate": 38.95253682487725,
  "initial_capital": 1000000,
  "commission": 1.0,
  "spread": 0.0,
  "pip_size": 0.0001
}