{
  "total_return": -1532370.0000000526,
  "return_pct": -153.23700000000525,
  "cagr": 0.0,
  "total_trades": 36417,
  "win_rate": 32.682538374934786,
  "avg_trade": -42.0784249114439,
  "avg_win": 4726.607905033969,
  "avg_loss": -2357.269316162119,
  "avg_win_pips": 23.638039525169845,
  "avg_loss_pips": -11.781346580810597,
  "profit_factor": 0.9734831128572303,
  "sharpe_ratio": -0.17277374621532451,
  "sortino_ratio": -0.47659443708939647,
  "max_drawdown": -1977040.7142857928,
  "max_drawdown_pct": -197.70407142857928,
  "max_consecutive_wins": 8,
  "max_consecutive_losses": 20,
  "duration_sec": 6.84431791305542,
  "long_trades_pct": 50.004118955432894,
  "short_trades_pct": 49.9958810445671,
  "long_win_rate": 32.47666117517847,
  "short_win_rate": 32.88844949744604,
  "initial_capital": 1000000,
  "commission": 1.0,
  "spread": 0.0,
  "pip_size": 0.0001
}