{
  "total_return": 9786.59290106813,
  "return_pct": 0.978659290106813,
  "cagr": 0.06133883558054887,
  "total_trades": 142,
  "win_rate": 51.40845070422535,
  "avg_trade": 68.9196683173812,
  "avg_win": 1660.6436200403457,
  "avg_loss": -1615.0781356793789,
  "avg_win_pips": 28.11211545988255,
  "avg_loss_pips": -25.815848861283627,
  "profit_factor": 1.087819082304623,
  "sharpe_ratio": 0.5475951520398806,
  "sortino_ratio": 1.668077162705724,
  "max_drawdown": -20309.65229540588,
  "max_drawdown_pct": -2.0309652295405876,
  "max_consecutive_wins": 7,
  "max_consecutive_losses": 7,
  "duration_sec": 2.1527750492095947,
  "long_trades_pct": 51.40845070422535,
  "short_trades_pct": 48.59154929577465,
  "long_win_rate": 46.57534246575342,
  "short_win_rate": 56.52173913043478,
  "initial_capital": 1000000,
  "commission": 1.0,
  "spread": 0.0,
  "pip_size": 0.0001
}