{
  "total_return": 144342.5714285769,
  "return_pct": 14.43425714285769,
  "cagr": 0.8526971093940405,
  "total_trades": 2331,
  "win_rate": 36.207636207636206,
  "avg_trade": 61.92302506588455,
  "avg_win": 3520.1408259986506,
  "avg_loss": -1900.9120953021413,
  "avg_win_pips": 35.211408259986506,
  "avg_loss_pips": -18.99912095302141,
  "profit_factor": 1.0510647764845247,
  "sharpe_ratio": 0.26555155475007336,
  "sortino_ratio": 0.6888614276086434,
  "max_drawdown": -173941.1428571394,
  "max_drawdown_pct": -17.39411428571394,
  "max_consecutive_wins": 8,
  "max_consecutive_losses": 14,
  "duration_sec": 10.039180994033813,
  "long_trades_pct": 51.994851994852,
  "short_trades_pct": 48.00514800514801,
  "long_win_rate": 36.46864686468646,
  "short_win_rate": 35.924932975871315,
  "initial_capital": 1000000,
  "commission": 1.0,
  "spread": 0.0,
  "pip_size": 0.0001
}