{
  "total_return": -105274.74352034189,
  "return_pct": -10.527474352034188,
  "cagr": -0.6979475875766861,
  "total_trades": 172,
  "win_rate": 40.116279069767444,
  "avg_trade": -612.062462327569,
  "avg_win": 2485.9716390171234,
  "avg_loss": -2687.444530218674,
  "avg_win_pips": 31.955262939958505,
  "avg_loss_pips": -31.584687933425933,
  "profit_factor": 0.6196814940534445,
  "sharpe_ratio": -3.243910201936567,
  "sortino_ratio": -11.840521339872813,
  "max_drawdown": -122781.46482891662,
  "max_drawdown_pct": -12.278146482891662,
  "max_consecutive_wins": 4,
  "max_consecutive_losses": 9,
  "duration_sec": 2.065361976623535,
  "long_trades_pct": 47.093023255813954,
  "short_trades_pct": 52.90697674418605,
  "long_win_rate": 37.03703703703704,
  "short_win_rate": 42.857142857142854,
  "initial_capital": 1000000,
  "commission": 1.0,
  "spread": 0.0,
  "pip_size": 0.0001
}