{
  "total_return": 106435.99999999985,
  "return_pct": 10.643599999999985,
  "cagr": 0.48465266736021917,
  "total_trades": 3754,
  "win_rate": 32.92488012786361,
  "avg_trade": 28.352690463505557,
  "avg_win": 5874.965672676839,
  "avg_loss": -2841.5494723703623,
  "avg_win_pips": 58.759656726768384,
  "avg_loss_pips": -28.405494723703622,
  "profit_factor": 1.0148757063745302,
  "sharpe_ratio": 0.0970705080238526,
  "sortino_ratio": 0.30121957031530816,
  "max_drawdown": -289687.85714285885,
  "max_drawdown_pct": -28.968785714285882,
  "max_consecutive_wins": 7,
  "max_consecutive_losses": 14,
  "duration_sec": 2.069385051727295,
  "long_trades_pct": 49.30740543420352,
  "short_trades_pct": 50.692594565796476,
  "long_win_rate": 32.414910858995135,
  "short_win_rate": 33.42091434576984,
  "initial_capital": 1000000,
  "commission": 1.0,
  "spread": 0.0,
  "pip_size": 0.0001
}