{
  "total_return": 108094.14285714299,
  "return_pct": 10.809414285714299,
  "cagr": 0.4918459268941744,
  "total_trades": 823,
  "win_rate": 33.53584447144593,
  "avg_trade": 131.34160735983352,
  "avg_win": 10313.619565217392,
  "avg_loss": -5006.3342909375815,
  "avg_win_pips": 103.1461956521739,
  "avg_loss_pips": -50.05334290937582,
  "profit_factor": 1.0394725324209277,
  "sharpe_ratio": 0.2618414788730157,
  "sortino_ratio": 0.9064737643306888,
  "max_drawdown": -146592.21428571327,
  "max_drawdown_pct": -14.659221428571328,
  "max_consecutive_wins": 6,
  "max_consecutive_losses": 13,
  "duration_sec": 0.6938161849975586,
  "long_trades_pct": 53.098420413122724,
  "short_trades_pct": 46.901579586877276,
  "long_win_rate": 36.38443935926773,
  "short_win_rate": 30.310880829015545,
  "initial_capital": 1000000,
  "commission": 1.0,
  "spread": 0.0,
  "pip_size": 0.0001
}