{
  "total_return": -67571.48174261086,
  "return_pct": -6.757148174261086,
  "cagr": -0.3338728593601292,
  "total_trades": 200,
  "win_rate": 45.5,
  "avg_trade": -337.8574087130543,
  "avg_win": 2627.600333202145,
  "avg_loss": -2813.6065326973035,
  "avg_win_pips": 36.66561224489788,
  "avg_loss_pips": -38.26988859764086,
  "profit_factor": 0.7796700271891449,
  "sharpe_ratio": -1.6288954938999138,
  "sortino_ratio": -5.428604967091124,
  "max_drawdown": -102986.01693370138,
  "max_drawdown_pct": -10.298601693370138,
  "max_consecutive_wins": 5,
  "max_consecutive_losses": 8,
  "duration_sec": 2.7979929447174072,
  "long_trades_pct": 52.5,
  "short_trades_pct": 47.5,
  "long_win_rate": 42.857142857142854,
  "short_win_rate": 48.421052631578945,
  "initial_capital": 1000000,
  "commission": 1.0,
  "spread": 0.0,
  "pip_size": 0.0001
}