{
  "total_return": 286718.07142857113,
  "return_pct": 28.671807142857116,
  "cagr": 1.600214014630752,
  "total_trades": 4272,
  "win_rate": 43.28183520599251,
  "avg_trade": 67.115653424291,
  "avg_win": 2195.0807772541143,
  "avg_loss": -1556.7421732209186,
  "avg_win_pips": 10.98040388627057,
  "avg_loss_pips": -7.778710866104594,
  "profit_factor": 1.0760124904256583,
  "sharpe_ratio": 0.5136888897120191,
  "sortino_ratio": 1.2259876941818513,
  "max_drawdown": -104988.14285714307,
  "max_drawdown_pct": -10.498814285714307,
  "max_consecutive_wins": 9,
  "max_consecutive_losses": 16,
  "duration_sec": 27.797837257385254,
  "long_trades_pct": 49.812734082397,
  "short_trades_pct": 50.187265917603,
  "long_win_rate": 44.54887218045113,
  "short_win_rate": 42.024253731343286,
  "initial_capital": 1000000,
  "commission": 1.0,
  "spread": 0.0,
  "pip_size": 0.0001
}