{
  "total_return": 14029.071428569812,
  "return_pct": 1.4029071428569813,
  "cagr": 0.08777138790074801,
  "total_trades": 1411,
  "win_rate": 39.97165131112686,
  "avg_trade": 9.942644527689449,
  "avg_win": 4947.875759878417,
  "avg_loss": -3278.1261595547317,
  "avg_win_pips": 24.744378799392088,
  "avg_loss_pips": -16.385630797773658,
  "profit_factor": 1.005052657412709,
  "sharpe_ratio": 0.03613738235082114,
  "sortino_ratio": 0.13017477653874596,
  "max_drawdown": -125568.07142857133,
  "max_drawdown_pct": -12.556807142857132,
  "max_consecutive_wins": 8,
  "max_consecutive_losses": 11,
  "duration_sec": 7.398183345794678,
  "long_trades_pct": 47.838412473423105,
  "short_trades_pct": 52.161587526576895,
  "long_win_rate": 36.74074074074074,
  "short_win_rate": 42.934782608695656,
  "initial_capital": 1000000,
  "commission": 1.0,
  "spread": 0.0,
  "pip_size": 0.0001
}