{
  "total_return": -5729.346992223582,
  "return_pct": -0.5729346992223582,
  "cagr": -0.03617727732065923,
  "total_trades": 439,
  "win_rate": 49.202733485193626,
  "avg_trade": -13.050904310304286,
  "avg_win": 1304.8395335867956,
  "avg_loss": -1289.5725840671362,
  "avg_win_pips": 13.351177910052902,
  "avg_loss_pips": -13.047639333760438,
  "profit_factor": 0.9800770121077238,
  "sharpe_ratio": -0.13318371380610933,
  "sortino_ratio": -0.40545563893667314,
  "max_drawdown": -34883.12525285756,
  "max_drawdown_pct": -3.4883125252857554,
  "max_consecutive_wins": 6,
  "max_consecutive_losses": 7,
  "duration_sec": 12.56458592414856,
  "long_trades_pct": 48.063781321184514,
  "short_trades_pct": 51.93621867881549,
  "long_win_rate": 46.44549763033176,
  "short_win_rate": 51.75438596491229,
  "initial_capital": 1000000,
  "commission": 1.0,
  "spread": 0.0,
  "pip_size": 0.0001
}