{
  "total_return": -358241.35336643946,
  "return_pct": -35.82413533664395,
  "cagr": -2.0978765608982597,
  "total_trades": 2062,
  "win_rate": 33.02618816682833,
  "avg_trade": -173.73489494007734,
  "avg_win": 1672.6557283465156,
  "avg_loss": -1084.2287504492515,
  "avg_win_pips": 16.736557283465153,
  "avg_loss_pips": -10.832287504492518,
  "profit_factor": 0.7607449468074291,
  "sharpe_ratio": -1.620064012337156,
  "sortino_ratio": -3.514158931485576,
  "max_drawdown": -370565.2281004545,
  "max_drawdown_pct": -37.05652281004545,
  "max_consecutive_wins": 13,
  "max_consecutive_losses": 15,
  "duration_sec": 16.920976877212524,
  "long_trades_pct": 51.40640155189137,
  "short_trades_pct": 48.59359844810863,
  "long_win_rate": 33.20754716981132,
  "short_win_rate": 32.83433133732535,
  "initial_capital": 1000000,
  "commission": 1.0,
  "spread": 0.0,
  "pip_size": 0.0001
}