{
  "total_return": 763936.2857142892,
  "return_pct": 76.39362857142892,
  "cagr": 3.6387217234604474,
  "total_trades": 6792,
  "win_rate": 32.81802120141343,
  "avg_trade": 112.4758960121156,
  "avg_win": 8493.626033455103,
  "avg_loss": -3981.6691086691067,
  "avg_win_pips": 42.473130167275514,
  "avg_loss_pips": -19.903345543345534,
  "profit_factor": 1.0420476282888493,
  "sharpe_ratio": 0.28024500316441914,
  "sortino_ratio": 1.0803189979842958,
  "max_drawdown": -319659.99999999977,
  "max_drawdown_pct": -31.965999999999976,
  "max_consecutive_wins": 7,
  "max_consecutive_losses": 17,
  "duration_sec": 1.4991989135742188,
  "long_trades_pct": 49.23439340400471,
  "short_trades_pct": 50.765606595995294,
  "long_win_rate": 34.0311004784689,
  "short_win_rate": 31.6415313225058,
  "initial_capital": 1000000,
  "commission": 1.0,
  "spread": 0.0,
  "pip_size": 0.0001
}