{
  "total_return": 1583.342275037996,
  "return_pct": 0.1583342275037996,
  "cagr": 0.009961854766205036,
  "total_trades": 103,
  "win_rate": 51.45631067961165,
  "avg_trade": 15.372255097456271,
  "avg_win": 2614.038782571856,
  "avg_loss": -2739.214264025408,
  "avg_win_pips": 36.782296495956835,
  "avg_loss_pips": -40.02789999999994,
  "profit_factor": 1.011560558046388,
  "sharpe_ratio": 0.0731273893146897,
  "sortino_ratio": 0.2557370837235157,
  "max_drawdown": -49094.134980287214,
  "max_drawdown_pct": -4.909413498028722,
  "max_consecutive_wins": 7,
  "max_consecutive_losses": 5,
  "duration_sec": 3.420173168182373,
  "long_trades_pct": 44.66019417475729,
  "short_trades_pct": 55.33980582524271,
  "long_win_rate": 56.52173913043478,
  "short_win_rate": 47.368421052631575,
  "initial_capital": 1000000,
  "commission": 1.0,
  "spread": 0.0,
  "pip_size": 0.0001
}