{
  "total_return": 106335.7147898549,
  "return_pct": 10.63357147898549,
  "cagr": 0.4842172867404404,
  "total_trades": 49,
  "win_rate": 44.89795918367347,
  "avg_trade": 2170.1166283643856,
  "avg_win": 10440.017320749983,
  "avg_loss": -4568.320972838695,
  "avg_win_pips": 71.56606863049934,
  "avg_loss_pips": -34.67789848465659,
  "profit_factor": 1.8621022538581429,
  "sharpe_ratio": 3.7759958283498722,
  "sortino_ratio": 12.507057901497376,
  "max_drawdown": -53408.18844782874,
  "max_drawdown_pct": -5.340818844782874,
  "max_consecutive_wins": 3,
  "max_consecutive_losses": 6,
  "duration_sec": 1.1243069171905518,
  "long_trades_pct": 61.224489795918366,
  "short_trades_pct": 38.775510204081634,
  "long_win_rate": 50.0,
  "short_win_rate": 36.84210526315789,
  "initial_capital": 1000000,
  "commission": 1.0,
  "spread": 0.0,
  "pip_size": 0.0001
}