{
  "total_return": 42539.11428571117,
  "return_pct": 4.253911428571118,
  "cagr": 0.26205622741393153,
  "total_trades": 2250,
  "win_rate": 40.0,
  "avg_trade": 18.90627301587163,
  "avg_win": 1280.085841269839,
  "avg_loss": -821.8801058201068,
  "avg_win_pips": 12.810858412698392,
  "avg_loss_pips": -8.208801058201066,
  "profit_factor": 1.0383394789620928,
  "sharpe_ratio": 0.19761616369047386,
  "sortino_ratio": 0.6090758448252811,
  "max_drawdown": -72316.85714285656,
  "max_drawdown_pct": -7.231685714285656,
  "max_consecutive_wins": 9,
  "max_consecutive_losses": 12,
  "duration_sec": 42.5183801651001,
  "long_trades_pct": 53.91111111111111,
  "short_trades_pct": 46.08888888888889,
  "long_win_rate": 40.64303380049464,
  "short_win_rate": 39.247830279652845,
  "initial_capital": 1000000,
  "commission": 1.0,
  "spread": 0.0,
  "pip_size": 0.0001
}