{
  "total_return": -149019.75006745287,
  "return_pct": -14.901975006745289,
  "cagr": -1.0110449603295324,
  "total_trades": 227,
  "win_rate": 29.515418502202646,
  "avg_trade": -656.4746699006735,
  "avg_win": 3277.436194883545,
  "avg_loss": -2303.799844529064,
  "avg_win_pips": 25.598692426643993,
  "avg_loss_pips": -16.2923504790181,
  "profit_factor": 0.5957229356823885,
  "sharpe_ratio": -3.1264437965106358,
  "sortino_ratio": -6.058510898918022,
  "max_drawdown": -154195.66386307412,
  "max_drawdown_pct": -15.419566386307412,
  "max_consecutive_wins": 4,
  "max_consecutive_losses": 11,
  "duration_sec": 3.24741792678833,
  "long_trades_pct": 44.49339207048458,
  "short_trades_pct": 55.50660792951542,
  "long_win_rate": 29.7029702970297,
  "short_win_rate": 29.365079365079367,
  "initial_capital": 1000000,
  "commission": 1.0,
  "spread": 0.0,
  "pip_size": 0.0001
}