{
  "total_return": -39128.65571273996,
  "return_pct": -3.9128655712739957,
  "cagr": -0.2510440902105504,
  "total_trades": 181,
  "win_rate": 28.7292817679558,
  "avg_trade": -216.1804183024307,
  "avg_win": 3949.540161206911,
  "avg_loss": -1895.3856131434056,
  "avg_win_pips": 39.50540161206911,
  "avg_loss_pips": -18.943856131434053,
  "profit_factor": 0.8399677034591321,
  "sharpe_ratio": -1.1615848381669636,
  "sortino_ratio": -4.5541832491186955,
  "max_drawdown": -83396.51178351857,
  "max_drawdown_pct": -8.339651178351856,
  "max_consecutive_wins": 4,
  "max_consecutive_losses": 14,
  "duration_sec": 3.120759963989258,
  "long_trades_pct": 49.72375690607735,
  "short_trades_pct": 50.27624309392266,
  "long_win_rate": 31.11111111111111,
  "short_win_rate": 26.373626373626376,
  "initial_capital": 1000000,
  "commission": 1.0,
  "spread": 0.0,
  "pip_size": 0.0001
}