{
  "total_return": -41071.25309866244,
  "return_pct": -4.107125309866245,
  "cagr": -0.26371027220492005,
  "total_trades": 104,
  "win_rate": 41.34615384615385,
  "avg_trade": -394.9158951794465,
  "avg_win": 1883.9135459422077,
  "avg_loss": -2001.30386187176,
  "avg_win_pips": 27.34529568106322,
  "avg_loss_pips": -31.34607728337229,
  "profit_factor": 0.6635697137485674,
  "sharpe_ratio": -2.7920858296252167,
  "sortino_ratio": -8.129145614702571,
  "max_drawdown": -44879.8556924162,
  "max_drawdown_pct": -4.487985569241619,
  "max_consecutive_wins": 6,
  "max_consecutive_losses": 15,
  "duration_sec": 3.3523566722869873,
  "long_trades_pct": 50.0,
  "short_trades_pct": 50.0,
  "long_win_rate": 44.230769230769226,
  "short_win_rate": 38.46153846153847,
  "initial_capital": 1000000,
  "commission": 1.0,
  "spread": 0.0,
  "pip_size": 0.0001
}