{
  "total_return": 11255.386078877516,
  "return_pct": 1.1255386078877516,
  "cagr": 0.07049658858651053,
  "total_trades": 116,
  "win_rate": 56.03448275862068,
  "avg_trade": 97.029190335151,
  "avg_win": 1338.8549543540234,
  "avg_loss": -1485.6899206692947,
  "avg_win_pips": 24.209239560439546,
  "avg_loss_pips": -25.854789915966418,
  "profit_factor": 1.1485463700153875,
  "sharpe_ratio": 0.898715714936196,
  "sortino_ratio": 3.1248040542277136,
  "max_drawdown": -12272.640644099547,
  "max_drawdown_pct": -1.2272640644099548,
  "max_consecutive_wins": 5,
  "max_consecutive_losses": 5,
  "duration_sec": 3.2555108070373535,
  "long_trades_pct": 54.310344827586206,
  "short_trades_pct": 45.689655172413794,
  "long_win_rate": 49.2063492063492,
  "short_win_rate": 64.15094339622641,
  "initial_capital": 1000000,
  "commission": 1.0,
  "spread": 0.0,
  "pip_size": 0.0001
}