{
  "total_return": -111783.33471228128,
  "return_pct": -11.178333471228129,
  "cagr": -0.7437134070573781,
  "total_trades": 765,
  "win_rate": 44.70588235294118,
  "avg_trade": -146.12200615984483,
  "avg_win": 2159.6708686999973,
  "avg_loss": -2010.380075195462,
  "avg_win_pips": 14.848535923141158,
  "avg_loss_pips": -13.599587977034794,
  "profit_factor": 0.8685506258791321,
  "sharpe_ratio": -0.962390822102095,
  "sortino_ratio": -3.3191715483534896,
  "max_drawdown": -131662.71114953567,
  "max_drawdown_pct": -13.166271114953568,
  "max_consecutive_wins": 6,
  "max_consecutive_losses": 10,
  "duration_sec": 8.249583959579468,
  "long_trades_pct": 47.45098039215686,
  "short_trades_pct": 52.54901960784314,
  "long_win_rate": 46.28099173553719,
  "short_win_rate": 43.28358208955223,
  "initial_capital": 1000000,
  "commission": 1.0,
  "spread": 0.0,
  "pip_size": 0.0001
}