{
  "total_return": 387939.6213732527,
  "return_pct": 38.79396213732527,
  "cagr": 2.0858770170665952,
  "total_trades": 2610,
  "win_rate": 52.52873563218391,
  "avg_trade": 148.63587025795124,
  "avg_win": 2258.1818458459065,
  "avg_loss": -2185.6559235524496,
  "avg_win_pips": 10.62024403459408,
  "avg_loss_pips": -10.479140435835347,
  "profit_factor": 1.1432554116446956,
  "sharpe_ratio": 0.8446381315642484,
  "sortino_ratio": 2.1665560357103377,
  "max_drawdown": -67312.60333233204,
  "max_drawdown_pct": -6.731260333233205,
  "max_consecutive_wins": 12,
  "max_consecutive_losses": 8,
  "duration_sec": 32.78755831718445,
  "long_trades_pct": 52.490421455938694,
  "short_trades_pct": 47.509578544061306,
  "long_win_rate": 52.919708029197075,
  "short_win_rate": 52.09677419354839,
  "initial_capital": 1000000,
  "commission": 1.0,
  "spread": 0.0,
  "pip_size": 0.0001
}