{
  "total_return": -288074.8571428593,
  "return_pct": -28.80748571428593,
  "cagr": -1.611086654706706,
  "total_trades": 12497,
  "win_rate": 33.22397375370089,
  "avg_trade": -23.051520936453493,
  "avg_win": 2925.981833195706,
  "avg_loss": -1490.3237182230591,
  "avg_win_pips": 29.269818331957055,
  "avg_loss_pips": -14.89323718223059,
  "profit_factor": 0.9768368083259225,
  "sharpe_ratio": -0.14968878927359533,
  "sortino_ratio": -0.4044346976548153,
  "max_drawdown": -387387.0000000037,
  "max_drawdown_pct": -38.73870000000037,
  "max_consecutive_wins": 8,
  "max_consecutive_losses": 20,
  "duration_sec": 8.736906051635742,
  "long_trades_pct": 50.46811234696327,
  "short_trades_pct": 49.531887653036726,
  "long_win_rate": 32.88409703504043,
  "short_win_rate": 33.5702746365105,
  "initial_capital": 1000000,
  "commission": 1.0,
  "spread": 0.0,
  "pip_size": 0.0001
}