{
  "total_return": 46979.1428571431,
  "return_pct": 4.69791428571431,
  "cagr": 0.2894763764360597,
  "total_trades": 618,
  "win_rate": 33.81877022653722,
  "avg_trade": 76.01803051317654,
  "avg_win": 10089.67327409432,
  "avg_loss": -5040.984282221442,
  "avg_win_pips": 100.90673274094321,
  "avg_loss_pips": -50.39984282221442,
  "profit_factor": 1.0227859131347952,
  "sharpe_ratio": 0.15857283734174538,
  "sortino_ratio": 0.6353787320352215,
  "max_drawdown": -191534.64285714374,
  "max_drawdown_pct": -19.153464285714374,
  "max_consecutive_wins": 4,
  "max_consecutive_losses": 15,
  "duration_sec": 0.42356085777282715,
  "long_trades_pct": 50.0,
  "short_trades_pct": 50.0,
  "long_win_rate": 32.68608414239482,
  "short_win_rate": 34.95145631067961,
  "initial_capital": 1000000,
  "commission": 1.0,
  "spread": 0.0,
  "pip_size": 0.0001
}