{
  "total_return": 28136.142857142564,
  "return_pct": 2.8136142857142565,
  "cagr": 0.1748908305049035,
  "total_trades": 1241,
  "win_rate": 33.360193392425465,
  "avg_trade": 22.672153793023824,
  "avg_win": 13546.025534851617,
  "avg_loss": -6747.180687510793,
  "avg_win_pips": 67.73512767425808,
  "avg_loss_pips": -33.73090343755396,
  "profit_factor": 1.0050423932208532,
  "sharpe_ratio": 0.03460071122005186,
  "sortino_ratio": 0.12849991192018156,
  "max_drawdown": -345058.2857142844,
  "max_drawdown_pct": -34.50582857142844,
  "max_consecutive_wins": 6,
  "max_consecutive_losses": 14,
  "duration_sec": 1.6572401523590088,
  "long_trades_pct": 49.79854955680902,
  "short_trades_pct": 50.20145044319098,
  "long_win_rate": 33.00970873786408,
  "short_win_rate": 33.70786516853933,
  "initial_capital": 1000000,
  "commission": 1.0,
  "spread": 0.0,
  "pip_size": 0.0001
}