{
  "total_return": -813141.0000000044,
  "return_pct": -81.31410000000045,
  "cagr": -10.022870968144659,
  "total_trades": 1715,
  "win_rate": 30.612244897959183,
  "avg_trade": -474.1346938775536,
  "avg_win": 14570.931972789114,
  "avg_loss": -7111.664105642261,
  "avg_win_pips": 72.85965986394558,
  "avg_loss_pips": -35.55332052821131,
  "profit_factor": 0.9039167549879416,
  "sharpe_ratio": -0.707795395439132,
  "sortino_ratio": -2.8843692127191916,
  "max_drawdown": -1069901.142857145,
  "max_drawdown_pct": -106.9901142857145,
  "max_consecutive_wins": 6,
  "max_consecutive_losses": 19,
  "duration_sec": 0.3450968265533447,
  "long_trades_pct": 50.84548104956268,
  "short_trades_pct": 49.15451895043732,
  "long_win_rate": 28.899082568807337,
  "short_win_rate": 32.38434163701068,
  "initial_capital": 1000000,
  "commission": 1.0,
  "spread": 0.0,
  "pip_size": 0.0001
}