{
  "total_return": 78680.27423462289,
  "return_pct": 7.868027423462289,
  "cagr": 0.4780948200616919,
  "total_trades": 2561,
  "win_rate": 50.01952362358454,
  "avg_trade": 30.722481153698904,
  "avg_win": 1755.819129392733,
  "avg_loss": -1695.7218988417717,
  "avg_win_pips": 8.258630980260934,
  "avg_loss_pips": -7.9837656250000135,
  "profit_factor": 1.0362494370614572,
  "sharpe_ratio": 0.22566806885498625,
  "sortino_ratio": 0.5600681824980719,
  "max_drawdown": -115442.04747717311,
  "max_drawdown_pct": -11.54420474771731,
  "max_consecutive_wins": 13,
  "max_consecutive_losses": 10,
  "duration_sec": 31.759514808654785,
  "long_trades_pct": 47.44240531042562,
  "short_trades_pct": 52.55759468957438,
  "long_win_rate": 52.42798353909465,
  "short_win_rate": 47.84546805349183,
  "initial_capital": 1000000,
  "commission": 1.0,
  "spread": 0.0,
  "pip_size": 0.0001
}