{
  "total_return": 433805.07142857544,
  "return_pct": 43.380507142857546,
  "cagr": 2.295099688775837,
  "total_trades": 5267,
  "win_rate": 42.60489842415037,
  "avg_trade": 82.36283869917894,
  "avg_win": 3338.2216386554633,
  "avg_loss": -2334.490335995463,
  "avg_win_pips": 16.696108193277315,
  "avg_loss_pips": -11.667451679977312,
  "profit_factor": 1.0614701676007063,
  "sharpe_ratio": 0.46952367304189774,
  "sortino_ratio": 1.1372744906904,
  "max_drawdown": -144943.64285713923,
  "max_drawdown_pct": -14.494364285713923,
  "max_consecutive_wins": 12,
  "max_consecutive_losses": 12,
  "duration_sec": 28.062153100967407,
  "long_trades_pct": 50.7499525346497,
  "short_trades_pct": 49.25004746535029,
  "long_win_rate": 42.42424242424242,
  "short_win_rate": 42.791056283731685,
  "initial_capital": 1000000,
  "commission": 1.0,
  "spread": 0.0,
  "pip_size": 0.0001
}