{
  "total_return": 361548.2142857111,
  "return_pct": 36.15482142857111,
  "cagr": 1.962532606537204,
  "total_trades": 4333,
  "win_rate": 42.88022155550427,
  "avg_trade": 83.44062180607226,
  "avg_win": 2600.439527910193,
  "avg_loss": -1806.0882539682534,
  "avg_win_pips": 13.007197639550967,
  "avg_loss_pips": -9.025441269841268,
  "profit_factor": 1.0808820312402372,
  "sharpe_ratio": 0.5495003799571695,
  "sortino_ratio": 1.3884194569415196,
  "max_drawdown": -103009.07142857538,
  "max_drawdown_pct": -10.300907142857538,
  "max_consecutive_wins": 10,
  "max_consecutive_losses": 19,
  "duration_sec": 28.049460887908936,
  "long_trades_pct": 48.41910916224325,
  "short_trades_pct": 51.580890837756755,
  "long_win_rate": 43.994280266920875,
  "short_win_rate": 41.83445190156599,
  "initial_capital": 1000000,
  "commission": 1.0,
  "spread": 0.0,
  "pip_size": 0.0001
}