{
  "total_return": -12564.411368131774,
  "return_pct": -1.2564411368131774,
  "cagr": -0.07959287755076039,
  "total_trades": 194,
  "win_rate": 31.958762886597935,
  "avg_trade": -64.76500705222564,
  "avg_win": 3442.528755976579,
  "avg_loss": -1712.130259383937,
  "avg_win_pips": 34.43528755976579,
  "avg_loss_pips": -17.11130259383937,
  "profit_factor": 0.9444055532075527,
  "sharpe_ratio": -0.3745010531042039,
  "sortino_ratio": -1.1674626677341322,
  "max_drawdown": -36160.48715561868,
  "max_drawdown_pct": -3.6160487155618677,
  "max_consecutive_wins": 4,
  "max_consecutive_losses": 11,
  "duration_sec": 3.032681941986084,
  "long_trades_pct": 54.63917525773196,
  "short_trades_pct": 45.36082474226804,
  "long_win_rate": 27.358490566037734,
  "short_win_rate": 37.5,
  "initial_capital": 1000000,
  "commission": 1.0,
  "spread": 0.0,
  "pip_size": 0.0001
}