{
  "total_return": -3510.057044699388,
  "return_pct": -0.3510057044699388,
  "cagr": -0.01680664466473525,
  "total_trades": 133,
  "win_rate": 36.84210526315789,
  "avg_trade": -26.391406351123216,
  "avg_win": 6901.133675859275,
  "avg_loss": -4067.4477043071897,
  "avg_win_pips": 69.02133675859275,
  "avg_loss_pips": -40.664477043071884,
  "profit_factor": 0.9897266304505822,
  "sharpe_ratio": -0.06379385039374078,
  "sortino_ratio": -0.15858717296635721,
  "max_drawdown": -55085.33020151738,
  "max_drawdown_pct": -5.508533020151738,
  "max_consecutive_wins": 3,
  "max_consecutive_losses": 8,
  "duration_sec": 1.0646259784698486,
  "long_trades_pct": 51.127819548872175,
  "short_trades_pct": 48.87218045112782,
  "long_win_rate": 33.82352941176471,
  "short_win_rate": 40.0,
  "initial_capital": 1000000,
  "commission": 1.0,
  "spread": 0.0,
  "pip_size": 0.0001
}