{
  "total_return": -13837.142857138928,
  "return_pct": -1.3837142857138929,
  "cagr": -0.06658309707707755,
  "total_trades": 420,
  "win_rate": 32.61904761904762,
  "avg_trade": -32.945578231283164,
  "avg_win": 31817.894681960384,
  "avg_loss": -15451.903584048448,
  "avg_win_pips": 159.09447340980188,
  "avg_loss_pips": -77.25451792024224,
  "profit_factor": 0.9968356974619698,
  "sharpe_ratio": -0.021429242120892752,
  "sortino_ratio": -0.07423329093553818,
  "max_drawdown": -634779.1428571407,
  "max_drawdown_pct": -63.47791428571408,
  "max_consecutive_wins": 6,
  "max_consecutive_losses": 10,
  "duration_sec": 0.590580940246582,
  "long_trades_pct": 48.095238095238095,
  "short_trades_pct": 51.90476190476191,
  "long_win_rate": 33.16831683168317,
  "short_win_rate": 32.11009174311927,
  "initial_capital": 1000000,
  "commission": 1.0,
  "spread": 0.0,
  "pip_size": 0.0001
}