{
  "total_return": 77202.98571428432,
  "return_pct": 7.720298571428433,
  "cagr": 0.4694235037524308,
  "total_trades": 2132,
  "win_rate": 40.99437148217636,
  "avg_trade": 36.21153176092135,
  "avg_win": 1208.7535796011766,
  "avg_loss": -778.4162502838983,
  "avg_win_pips": 12.097535796011769,
  "avg_loss_pips": -7.774162502838985,
  "profit_factor": 1.0788390825113754,
  "sharpe_ratio": 0.39404886818658297,
  "sortino_ratio": 1.2931804937124174,
  "max_drawdown": -36878.85714285703,
  "max_drawdown_pct": -3.6878857142857027,
  "max_consecutive_wins": 7,
  "max_consecutive_losses": 14,
  "duration_sec": 42.78432011604309,
  "long_trades_pct": 53.37711069418386,
  "short_trades_pct": 46.62288930581614,
  "long_win_rate": 40.50966608084359,
  "short_win_rate": 41.54929577464789,
  "initial_capital": 1000000,
  "commission": 1.0,
  "spread": 0.0,
  "pip_size": 0.0001
}