{
  "total_return": -59116.85714285454,
  "return_pct": -5.911685714285454,
  "cagr": -0.382940048481506,
  "total_trades": 139,
  "win_rate": 33.81294964028777,
  "avg_trade": -425.3011305241334,
  "avg_win": 13311.097264437709,
  "avg_loss": -7442.809006211163,
  "avg_win_pips": 133.1209726443771,
  "avg_loss_pips": -74.41809006211162,
  "profit_factor": 0.9136650512427198,
  "sharpe_ratio": -0.5046416989191354,
  "sortino_ratio": -1.974629091512601,
  "max_drawdown": -183713.42857142614,
  "max_drawdown_pct": -18.371342857142615,
  "max_consecutive_wins": 5,
  "max_consecutive_losses": 7,
  "duration_sec": 0.6354639530181885,
  "long_trades_pct": 53.956834532374096,
  "short_trades_pct": 46.043165467625904,
  "long_win_rate": 38.666666666666664,
  "short_win_rate": 28.125,
  "initial_capital": 1000000,
  "commission": 1.0,
  "spread": 0.0,
  "pip_size": 0.0001
}