{
  "total_return": -230578.14057781675,
  "return_pct": -23.057814057781677,
  "cagr": -1.2451321631273382,
  "total_trades": 990,
  "win_rate": 33.33333333333333,
  "avg_trade": -232.9072127048654,
  "avg_win": 1921.4928035217888,
  "avg_loss": -1310.1072208181924,
  "avg_win_pips": 14.037498131517085,
  "avg_loss_pips": -9.301744150946712,
  "profit_factor": 0.7333341779162822,
  "sharpe_ratio": -1.7434730860197467,
  "sortino_ratio": -3.3036507277984857,
  "max_drawdown": -256738.42894087726,
  "max_drawdown_pct": -25.673842894087727,
  "max_consecutive_wins": 6,
  "max_consecutive_losses": 16,
  "duration_sec": 20.399721145629883,
  "long_trades_pct": 54.848484848484844,
  "short_trades_pct": 45.151515151515156,
  "long_win_rate": 34.99079189686925,
  "short_win_rate": 31.319910514541387,
  "initial_capital": 1000000,
  "commission": 1.0,
  "spread": 0.0,
  "pip_size": 0.0001
}