{
  "total_return": -443114.857142863,
  "return_pct": -44.3114857142863,
  "cagr": -2.7594833111603823,
  "total_trades": 6952,
  "win_rate": 33.06962025316456,
  "avg_trade": -63.73919118855912,
  "avg_win": 6507.337786615297,
  "avg_loss": -3310.441527739401,
  "avg_win_pips": 32.541688933076486,
  "avg_loss_pips": -16.547207638697003,
  "profit_factor": 0.9712328168864867,
  "sharpe_ratio": -0.18881735451641365,
  "sortino_ratio": -0.5100663715597196,
  "max_drawdown": -605681.5714285742,
  "max_drawdown_pct": -60.568157142857416,
  "max_consecutive_wins": 7,
  "max_consecutive_losses": 26,
  "duration_sec": 8.923503875732422,
  "long_trades_pct": 52.70425776754891,
  "short_trades_pct": 47.29574223245109,
  "long_win_rate": 33.51528384279476,
  "short_win_rate": 32.57299270072993,
  "initial_capital": 1000000,
  "commission": 1.0,
  "spread": 0.0,
  "pip_size": 0.0001
}