{
  "total_return": 144133.4999999978,
  "return_pct": 14.413349999999777,
  "cagr": 0.645709186826493,
  "total_trades": 879,
  "win_rate": 34.8122866894198,
  "avg_trade": 163.9744027303729,
  "avg_win": 11516.6050420168,
  "avg_loss": -5898.686985789079,
  "avg_win_pips": 115.17605042016798,
  "avg_loss_pips": -58.97686985789079,
  "profit_factor": 1.0426437079002084,
  "sharpe_ratio": 0.2816484908770694,
  "sortino_ratio": 0.9080369017470371,
  "max_drawdown": -173977.42857142806,
  "max_drawdown_pct": -17.397742857142806,
  "max_consecutive_wins": 8,
  "max_consecutive_losses": 16,
  "duration_sec": 0.5614562034606934,
  "long_trades_pct": 51.42207053469852,
  "short_trades_pct": 48.57792946530148,
  "long_win_rate": 35.176991150442475,
  "short_win_rate": 34.42622950819672,
  "initial_capital": 1000000,
  "commission": 1.0,
  "spread": 0.0,
  "pip_size": 0.0001
}