{
  "total_return": 1051597.1428571483,
  "return_pct": 105.15971428571483,
  "cagr": 4.629398841364596,
  "total_trades": 26732,
  "win_rate": 33.34954361813557,
  "avg_trade": 39.33851349907034,
  "avg_win": 4194.655796811151,
  "avg_loss": -2039.8360714887053,
  "avg_win_pips": 20.978278984055756,
  "avg_loss_pips": -10.194180357443527,
  "profit_factor": 1.0289347377245728,
  "sharpe_ratio": 0.18695048664003666,
  "sortino_ratio": 0.5823622353632307,
  "max_drawdown": -443481.9999999883,
  "max_drawdown_pct": -44.348199999998826,
  "max_consecutive_wins": 8,
  "max_consecutive_losses": 24,
  "duration_sec": 5.106596231460571,
  "long_trades_pct": 48.612150231931764,
  "short_trades_pct": 51.38784976806823,
  "long_win_rate": 33.989996152366295,
  "short_win_rate": 32.7436849384873,
  "initial_capital": 1000000,
  "commission": 1.0,
  "spread": 0.0,
  "pip_size": 0.0001
}