{
  "total_return": -310210.2368764996,
  "return_pct": -31.02102368764996,
  "cagr": -2.3115258779991543,
  "total_trades": 1568,
  "win_rate": 32.78061224489796,
  "avg_trade": -197.83816127327782,
  "avg_win": 1956.57219594567,
  "avg_loss": -1248.4709161219864,
  "avg_win_pips": 19.575721959456697,
  "avg_loss_pips": -12.474709161219867,
  "profit_factor": 0.7642579342574808,
  "sharpe_ratio": -1.6954062953996947,
  "sortino_ratio": -4.231836368355339,
  "max_drawdown": -320575.44382332725,
  "max_drawdown_pct": -32.05754438233272,
  "max_consecutive_wins": 8,
  "max_consecutive_losses": 14,
  "duration_sec": 12.679677963256836,
  "long_trades_pct": 52.35969387755102,
  "short_trades_pct": 47.640306122448976,
  "long_win_rate": 31.303288672350792,
  "short_win_rate": 34.404283801874165,
  "initial_capital": 1000000,
  "commission": 1.0,
  "spread": 0.0,
  "pip_size": 0.0001
}