{
  "total_return": 7334706.733653684,
  "return_pct": 733.4706733653684,
  "cagr": 207.73634843667406,
  "total_trades": 36,
  "win_rate": 52.77777777777778,
  "avg_trade": 203741.85371260234,
  "avg_win": 640817.6263567249,
  "avg_loss": -284754.59806612274,
  "avg_win_pips": 6408.186263567247,
  "avg_loss_pips": -2847.5359806612278,
  "profit_factor": 2.5151760154319214,
  "sharpe_ratio": 5.764168085106315,
  "sortino_ratio": 20.557157389771035,
  "max_drawdown": -951364.3545149434,
  "max_drawdown_pct": -95.13643545149434,
  "max_consecutive_wins": 3,
  "max_consecutive_losses": 3,
  "duration_sec": 0.3670499324798584,
  "long_trades_pct": 47.22222222222222,
  "short_trades_pct": 52.77777777777778,
  "long_win_rate": 47.05882352941176,
  "short_win_rate": 57.89473684210527,
  "initial_capital": 1000000,
  "commission": 1.0,
  "spread": 0.0,
  "pip_size": 0.0001
}