{
  "total_return": -28950.701334751815,
  "return_pct": -2.8950701334751816,
  "cagr": -0.1848346503013909,
  "total_trades": 801,
  "win_rate": 34.831460674157306,
  "avg_trade": -36.14319767135058,
  "avg_win": 2076.449611738715,
  "avg_loss": -1165.287630287075,
  "avg_win_pips": 20.774496117387148,
  "avg_loss_pips": -11.642876302870752,
  "profit_factor": 0.9524056445579503,
  "sharpe_ratio": -0.3235293538340752,
  "sortino_ratio": -0.991359443146899,
  "max_drawdown": -59647.951193098386,
  "max_drawdown_pct": -5.964795119309839,
  "max_consecutive_wins": 5,
  "max_consecutive_losses": 16,
  "duration_sec": 12.507588148117065,
  "long_trades_pct": 51.9350811485643,
  "short_trades_pct": 48.064918851435706,
  "long_win_rate": 36.53846153846153,
  "short_win_rate": 32.98701298701299,
  "initial_capital": 1000000,
  "commission": 1.0,
  "spread": 0.0,
  "pip_size": 0.0001
}