{
  "total_return": 141258.17767926428,
  "return_pct": 14.125817767926426,
  "cagr": 0.6336041729968489,
  "total_trades": 116,
  "win_rate": 44.827586206896555,
  "avg_trade": 1217.7429110281403,
  "avg_win": 6890.021630886126,
  "avg_loss": -3390.983548856473,
  "avg_win_pips": 68.91021630886127,
  "avg_loss_pips": -33.89983548856473,
  "profit_factor": 1.650890514341426,
  "sharpe_ratio": 3.08862830644381,
  "sortino_ratio": 9.274287384699736,
  "max_drawdown": -48916.197591520875,
  "max_drawdown_pct": -4.891619759152087,
  "max_consecutive_wins": 4,
  "max_consecutive_losses": 8,
  "duration_sec": 1.0451607704162598,
  "long_trades_pct": 59.48275862068966,
  "short_trades_pct": 40.51724137931034,
  "long_win_rate": 46.3768115942029,
  "short_win_rate": 42.5531914893617,
  "initial_capital": 1000000,
  "commission": 1.0,
  "spread": 0.0,
  "pip_size": 0.0001
}