{
  "total_return": 184723.71428570856,
  "return_pct": 18.472371428570856,
  "cagr": 1.0731898712309063,
  "total_trades": 5242,
  "win_rate": 33.8992750858451,
  "avg_trade": 35.23916716629312,
  "avg_win": 5647.081035453008,
  "avg_loss": -2842.753040610183,
  "avg_win_pips": 28.240405177265036,
  "avg_loss_pips": -14.208765203050916,
  "profit_factor": 1.0187534113912091,
  "sharpe_ratio": 0.12590326801372506,
  "sortino_ratio": 0.45314522637652993,
  "max_drawdown": -388509.85714286077,
  "max_drawdown_pct": -38.85098571428608,
  "max_consecutive_wins": 7,
  "max_consecutive_losses": 26,
  "duration_sec": 6.738917112350464,
  "long_trades_pct": 50.0,
  "short_trades_pct": 50.0,
  "long_win_rate": 33.30789774895078,
  "short_win_rate": 34.490652422739416,
  "initial_capital": 1000000,
  "commission": 1.0,
  "spread": 0.0,
  "pip_size": 0.0001
}