{
  "total_return": 2766107.29646678,
  "return_pct": 276.610729646678,
  "cagr": 101.76579498807912,
  "total_trades": 16,
  "win_rate": 81.25,
  "avg_trade": 172881.70602917374,
  "avg_win": 290127.68434359913,
  "avg_loss": -335184.200000003,
  "avg_win_pips": 4909.765934065936,
  "avg_loss_pips": -4953.142857142912,
  "profit_factor": 3.750833021034161,
  "sharpe_ratio": 8.015818346615331,
  "sortino_ratio": 505.99702154631865,
  "max_drawdown": -337008.0000000028,
  "max_drawdown_pct": -33.70080000000028,
  "max_consecutive_wins": 8,
  "max_consecutive_losses": 1,
  "duration_sec": 0.37007999420166016,
  "long_trades_pct": 43.75,
  "short_trades_pct": 56.25,
  "long_win_rate": 85.71428571428571,
  "short_win_rate": 77.77777777777779,
  "initial_capital": 1000000,
  "commission": 1.0,
  "spread": 0.0,
  "pip_size": 0.0001
}