{
  "total_return": 286646.2142857121,
  "return_pct": 28.664621428571213,
  "cagr": 1.5995787128596284,
  "total_trades": 376,
  "win_rate": 44.9468085106383,
  "avg_trade": 762.3569528875322,
  "avg_win": 9591.7764158918,
  "avg_loss": -6446.202898550734,
  "avg_win_pips": 47.963882079459005,
  "avg_loss_pips": -32.22601449275368,
  "profit_factor": 1.2148186059318986,
  "sharpe_ratio": 1.4211418844515415,
  "sortino_ratio": 4.950374690594236,
  "max_drawdown": -100640.21428571439,
  "max_drawdown_pct": -10.064021428571438,
  "max_consecutive_wins": 7,
  "max_consecutive_losses": 10,
  "duration_sec": 1.8381938934326172,
  "long_trades_pct": 50.0,
  "short_trades_pct": 50.0,
  "long_win_rate": 37.234042553191486,
  "short_win_rate": 52.659574468085104,
  "initial_capital": 1000000,
  "commission": 1.0,
  "spread": 0.0,
  "pip_size": 0.0001
}