{
  "total_return": 40262.4285714293,
  "return_pct": 4.02624285714293,
  "cagr": 0.24884417203034914,
  "total_trades": 634,
  "win_rate": 33.91167192429022,
  "avg_trade": 63.50540784137114,
  "avg_win": 8892.186046511624,
  "avg_loss": -4466.724514149333,
  "avg_win_pips": 88.93186046511624,
  "avg_loss_pips": -44.65724514149332,
  "profit_factor": 1.021512791904497,
  "sharpe_ratio": 0.1484678555412831,
  "sortino_ratio": 0.6143123746574365,
  "max_drawdown": -176741.42857142765,
  "max_drawdown_pct": -17.674142857142765,
  "max_consecutive_wins": 5,
  "max_consecutive_losses": 13,
  "duration_sec": 0.4253077507019043,
  "long_trades_pct": 49.684542586750794,
  "short_trades_pct": 50.315457413249206,
  "long_win_rate": 34.6031746031746,
  "short_win_rate": 33.22884012539185,
  "initial_capital": 1000000,
  "commission": 1.0,
  "spread": 0.0,
  "pip_size": 0.0001
}