{
  "total_return": -3934828.9999997914,
  "return_pct": -393.48289999997917,
  "cagr": 0.0,
  "total_trades": 129,
  "win_rate": 35.65891472868217,
  "avg_trade": -30502.55038759528,
  "avg_win": 946894.0310559036,
  "avg_loss": -572192.2220309802,
  "avg_win_pips": 4734.475155279518,
  "avg_loss_pips": -2860.956110154901,
  "profit_factor": 0.9171474611364367,
  "sharpe_ratio": -0.3105445706570486,
  "sortino_ratio": -1.1249837045402509,
  "max_drawdown": -13078138.142856894,
  "max_drawdown_pct": -1307.8138142856894,
  "max_consecutive_wins": 4,
  "max_consecutive_losses": 12,
  "duration_sec": 0.8373987674713135,
  "long_trades_pct": 58.139534883720934,
  "short_trades_pct": 41.86046511627907,
  "long_win_rate": 33.33333333333333,
  "short_win_rate": 38.88888888888889,
  "initial_capital": 1000000,
  "commission": 1.0,
  "spread": 0.0,
  "pip_size": 0.0001
}