{
  "total_return": 283393.64285713795,
  "return_pct": 28.3393642857138,
  "cagr": 1.5836633011286905,
  "total_trades": 4397,
  "win_rate": 42.915624289288154,
  "avg_trade": 64.4515903700564,
  "avg_win": 2222.992391551211,
  "avg_loss": -1558.323904382469,
  "avg_win_pips": 11.119961957756056,
  "avg_loss_pips": -7.786619521912345,
  "profit_factor": 1.072453379871861,
  "sharpe_ratio": 0.5192774386091594,
  "sortino_ratio": 1.4567439534287525,
  "max_drawdown": -98832.3571428574,
  "max_drawdown_pct": -9.88323571428574,
  "max_consecutive_wins": 10,
  "max_consecutive_losses": 13,
  "duration_sec": 27.33273673057556,
  "long_trades_pct": 51.55788037298158,
  "short_trades_pct": 48.44211962701842,
  "long_win_rate": 42.39082487869431,
  "short_win_rate": 43.47417840375587,
  "initial_capital": 1000000,
  "commission": 1.0,
  "spread": 0.0,
  "pip_size": 0.0001
}