{
  "total_return": -32748.65844497604,
  "return_pct": -3.2748658444976044,
  "cagr": -0.15903702116835117,
  "total_trades": 140,
  "win_rate": 50.71428571428571,
  "avg_trade": -233.918988892686,
  "avg_win": 2152.220864484195,
  "avg_loss": -2689.2223162804903,
  "avg_win_pips": 32.583299798792694,
  "avg_loss_pips": -41.15236024844715,
  "profit_factor": 0.8235109698965171,
  "sharpe_ratio": -1.239650381095202,
  "sortino_ratio": -3.71911052888861,
  "max_drawdown": -64920.93598468821,
  "max_drawdown_pct": -6.492093598468821,
  "max_consecutive_wins": 5,
  "max_consecutive_losses": 7,
  "duration_sec": 4.5235679149627686,
  "long_trades_pct": 53.57142857142857,
  "short_trades_pct": 46.42857142857143,
  "long_win_rate": 44.0,
  "short_win_rate": 58.46153846153847,
  "initial_capital": 1000000,
  "commission": 1.0,
  "spread": 0.0,
  "pip_size": 0.0001
}