{
  "total_return": 32229.000000009328,
  "return_pct": 3.2229000000009327,
  "cagr": 0.1517434375792881,
  "total_trades": 2916,
  "win_rate": 34.53360768175583,
  "avg_trade": 11.052469135805667,
  "avg_win": 3226.420201447024,
  "avg_loss": -1685.058220459478,
  "avg_win_pips": 32.274202014470234,
  "avg_loss_pips": -16.840582204594778,
  "profit_factor": 1.0100190372499416,
  "sharpe_ratio": 0.05035937175925431,
  "sortino_ratio": 0.12747491950995693,
  "max_drawdown": -154836.14285714139,
  "max_drawdown_pct": -15.48361428571414,
  "max_consecutive_wins": 7,
  "max_consecutive_losses": 15,
  "duration_sec": 13.295613765716553,
  "long_trades_pct": 51.85185185185185,
  "short_trades_pct": 48.148148148148145,
  "long_win_rate": 35.44973544973545,
  "short_win_rate": 33.547008547008545,
  "initial_capital": 1000000,
  "commission": 1.0,
  "spread": 0.0,
  "pip_size": 0.0001
}