{
  "total_return": -108476.75651628835,
  "return_pct": -10.847675651628835,
  "cagr": -0.7204847650171486,
  "total_trades": 813,
  "win_rate": 33.82533825338253,
  "avg_trade": -133.4277447924826,
  "avg_win": 2224.4876333473394,
  "avg_loss": -1338.681887893693,
  "avg_win_pips": 16.69711466867886,
  "avg_loss_pips": -9.884195513888287,
  "profit_factor": 0.8493819474397634,
  "sharpe_ratio": -0.9914844863461301,
  "sortino_ratio": -2.296184489235976,
  "max_drawdown": -128363.04550680185,
  "max_drawdown_pct": -12.836304550680186,
  "max_consecutive_wins": 5,
  "max_consecutive_losses": 15,
  "duration_sec": 13.065392971038818,
  "long_trades_pct": 51.78351783517835,
  "short_trades_pct": 48.21648216482165,
  "long_win_rate": 35.39192399049881,
  "short_win_rate": 32.142857142857146,
  "initial_capital": 1000000,
  "commission": 1.0,
  "spread": 0.0,
  "pip_size": 0.0001
}