{
  "total_return": -158883.35714285675,
  "return_pct": -15.888335714285676,
  "cagr": -1.0836948574766359,
  "total_trades": 9028,
  "win_rate": 32.85334514842712,
  "avg_trade": -17.598954047724497,
  "avg_win": 3319.759560735959,
  "avg_loss": -1650.4932719046042,
  "avg_win_pips": 33.207595607359586,
  "avg_loss_pips": -16.494932719046044,
  "profit_factor": 0.9841200651115547,
  "sharpe_ratio": -0.10504910149412205,
  "sortino_ratio": -0.30322205108739664,
  "max_drawdown": -305515.3571428556,
  "max_drawdown_pct": -30.55153571428556,
  "max_consecutive_wins": 8,
  "max_consecutive_losses": 18,
  "duration_sec": 6.675408124923706,
  "long_trades_pct": 50.84182543198936,
  "short_trades_pct": 49.15817456801063,
  "long_win_rate": 32.63616557734205,
  "short_win_rate": 33.0779630464173,
  "initial_capital": 1000000,
  "commission": 1.0,
  "spread": 0.0,
  "pip_size": 0.0001
}