{
  "total_return": 47080.28571428528,
  "return_pct": 4.708028571428528,
  "cagr": 0.2901364503558046,
  "total_trades": 1172,
  "win_rate": 40.358361774744026,
  "avg_trade": 40.17089224768369,
  "avg_win": 4917.265780730893,
  "avg_loss": -3260.0664214183516,
  "avg_win_pips": 24.59132890365447,
  "avg_loss_pips": -16.295332107091756,
  "profit_factor": 1.0206602449110598,
  "sharpe_ratio": 0.07916063296673546,
  "sortino_ratio": 0.2810565801563124,
  "max_drawdown": -94853.78571428591,
  "max_drawdown_pct": -9.485378571428592,
  "max_consecutive_wins": 8,
  "max_consecutive_losses": 14,
  "duration_sec": 6.922426223754883,
  "long_trades_pct": 48.122866894197955,
  "short_trades_pct": 51.877133105802045,
  "long_win_rate": 36.87943262411347,
  "short_win_rate": 43.58552631578947,
  "initial_capital": 1000000,
  "commission": 1.0,
  "spread": 0.0,
  "pip_size": 0.0001
}