{
  "total_return": -143337.71785612946,
  "return_pct": -14.333771785612944,
  "cagr": -0.9695516290496697,
  "total_trades": 1645,
  "win_rate": 34.58966565349544,
  "avg_trade": -87.13539079399968,
  "avg_win": 1522.069537356354,
  "avg_loss": -938.099706888378,
  "avg_win_pips": 15.230695373563536,
  "avg_loss_pips": -9.370997068883781,
  "profit_factor": 0.8579964459500703,
  "sharpe_ratio": -0.9343760222847108,
  "sortino_ratio": -2.423856189510879,
  "max_drawdown": -170797.2089891078,
  "max_drawdown_pct": -17.07972089891078,
  "max_consecutive_wins": 6,
  "max_consecutive_losses": 18,
  "duration_sec": 12.738531827926636,
  "long_trades_pct": 50.3951367781155,
  "short_trades_pct": 49.6048632218845,
  "long_win_rate": 34.25814234016888,
  "short_win_rate": 34.92647058823529,
  "initial_capital": 1000000,
  "commission": 1.0,
  "spread": 0.0,
  "pip_size": 0.0001
}