{
  "total_return": 94616.21428571743,
  "return_pct": 9.461621428571744,
  "cagr": 2.332655999923583,
  "total_trades": 1325,
  "win_rate": 42.716981132075475,
  "avg_trade": 71.40846361186222,
  "avg_win": 2077.9541898031302,
  "avg_loss": -1424.9089026915076,
  "avg_win_pips": 10.394770949015653,
  "avg_loss_pips": -7.119544513457536,
  "profit_factor": 1.0874856235505526,
  "sharpe_ratio": 0.6910068133742286,
  "sortino_ratio": 1.9409356178962358,
  "max_drawdown": -29290.14285714354,
  "max_drawdown_pct": -2.929014285714354,
  "max_consecutive_wins": 7,
  "max_consecutive_losses": 11,
  "duration_sec": 6.5947699546813965,
  "long_trades_pct": 51.094339622641506,
  "short_trades_pct": 48.90566037735849,
  "long_win_rate": 44.16543574593796,
  "short_win_rate": 41.2037037037037,
  "initial_capital": 1000000,
  "commission": 1.0,
  "spread": 0.0,
  "pip_size": 0.0001
}