{
  "total_return": 3600.4482365623408,
  "return_pct": 0.3600448236562341,
  "cagr": 0.017181190182613548,
  "total_trades": 3565,
  "win_rate": 50.18232819074334,
  "avg_trade": 1.009943404365313,
  "avg_win": 1864.972780556661,
  "avg_loss": -1876.5967658667255,
  "avg_win_pips": 9.131546195001146,
  "avg_loss_pips": -9.105670045045064,
  "profit_factor": 1.0010802956976974,
  "sharpe_ratio": 0.006802088145796323,
  "sortino_ratio": 0.01666071251300236,
  "max_drawdown": -243800.13258200488,
  "max_drawdown_pct": -24.38001325820049,
  "max_consecutive_wins": 9,
  "max_consecutive_losses": 10,
  "duration_sec": 42.720858097076416,
  "long_trades_pct": 51.58485273492286,
  "short_trades_pct": 48.41514726507714,
  "long_win_rate": 50.89722675367048,
  "short_win_rate": 49.42062572421784,
  "initial_capital": 1000000,
  "commission": 1.0,
  "spread": 0.0,
  "pip_size": 0.0001
}