{
  "total_return": -522104.1428571425,
  "return_pct": -52.21041428571424,
  "cagr": -4.5425629143938995,
  "total_trades": 657,
  "win_rate": 27.85388127853881,
  "avg_trade": -794.6790606653615,
  "avg_win": 8900.42857142858,
  "avg_loss": -4537.726943942137,
  "avg_win_pips": 89.0142857142858,
  "avg_loss_pips": -45.367269439421364,
  "profit_factor": 0.7572605079456421,
  "sharpe_ratio": -1.9514103069824813,
  "sortino_ratio": -6.633623807368814,
  "max_drawdown": -625837.2857142856,
  "max_drawdown_pct": -62.58372857142855,
  "max_consecutive_wins": 5,
  "max_consecutive_losses": 22,
  "duration_sec": 0.4287910461425781,
  "long_trades_pct": 45.20547945205479,
  "short_trades_pct": 54.794520547945204,
  "long_win_rate": 26.936026936026934,
  "short_win_rate": 28.61111111111111,
  "initial_capital": 1000000,
  "commission": 1.0,
  "spread": 0.0,
  "pip_size": 0.0001
}