{
  "total_return": 257096.07142857148,
  "return_pct": 25.70960714285715,
  "cagr": 1.4513063576761853,
  "total_trades": 1301,
  "win_rate": 42.27517294388932,
  "avg_trade": 197.61419786977055,
  "avg_win": 5330.792857142851,
  "avg_loss": -3561.7043941411403,
  "avg_win_pips": 26.65896428571425,
  "avg_loss_pips": -17.803521970705702,
  "profit_factor": 1.0961164299279853,
  "sharpe_ratio": 0.37459784414019187,
  "sortino_ratio": 1.1362746937821555,
  "max_drawdown": -113061.92857142584,
  "max_drawdown_pct": -11.306192857142584,
  "max_consecutive_wins": 7,
  "max_consecutive_losses": 17,
  "duration_sec": 6.95274806022644,
  "long_trades_pct": 48.962336664104534,
  "short_trades_pct": 51.037663335895466,
  "long_win_rate": 43.4850863422292,
  "short_win_rate": 41.1144578313253,
  "initial_capital": 1000000,
  "commission": 1.0,
  "spread": 0.0,
  "pip_size": 0.0001
}