{
  "total_return": 52323.08452330519,
  "return_pct": 5.2323084523305186,
  "cagr": 0.32168554890026346,
  "total_trades": 627,
  "win_rate": 50.079744816586924,
  "avg_trade": 83.44989557145963,
  "avg_win": 2767.2903165470293,
  "avg_loss": -2608.9650954391755,
  "avg_win_pips": 19.667658780709626,
  "avg_loss_pips": -18.986775445002316,
  "profit_factor": 1.0640738369861833,
  "sharpe_ratio": 0.41625222305371407,
  "sortino_ratio": 1.498288050347135,
  "max_drawdown": -67353.46762692218,
  "max_drawdown_pct": -6.7353467626922185,
  "max_consecutive_wins": 7,
  "max_consecutive_losses": 9,
  "duration_sec": 12.986557245254517,
  "long_trades_pct": 50.398724082934606,
  "short_trades_pct": 49.601275917065394,
  "long_win_rate": 48.10126582278481,
  "short_win_rate": 52.09003215434084,
  "initial_capital": 1000000,
  "commission": 1.0,
  "spread": 0.0,
  "pip_size": 0.0001
}