{
  "total_return": -229988.2864855861,
  "return_pct": -22.99882864855861,
  "cagr": -1.632356549634173,
  "total_trades": 795,
  "win_rate": 31.069182389937104,
  "avg_trade": -289.2934421202341,
  "avg_win": 2868.0042968511493,
  "avg_loss": -1712.3820215471164,
  "avg_win_pips": 20.461521356410724,
  "avg_loss_pips": -12.246535150585,
  "profit_factor": 0.75491061638711,
  "sharpe_ratio": -1.614883565124622,
  "sortino_ratio": -3.5272862084947185,
  "max_drawdown": -245682.82127008418,
  "max_drawdown_pct": -24.568282127008416,
  "max_consecutive_wins": 4,
  "max_consecutive_losses": 13,
  "duration_sec": 13.188328266143799,
  "long_trades_pct": 50.943396226415096,
  "short_trades_pct": 49.056603773584904,
  "long_win_rate": 31.11111111111111,
  "short_win_rate": 31.025641025641026,
  "initial_capital": 1000000,
  "commission": 1.0,
  "spread": 0.0,
  "pip_size": 0.0001
}