{
  "total_return": -283215.7142857146,
  "return_pct": -28.321571428571463,
  "cagr": -2.0747286201322157,
  "total_trades": 324,
  "win_rate": 34.25925925925926,
  "avg_trade": -874.1225749559093,
  "avg_win": 10070.158301158306,
  "avg_loss": -6577.480214621061,
  "avg_win_pips": 50.35579150579152,
  "avg_loss_pips": -32.88240107310531,
  "profit_factor": 0.7978479299987368,
  "sharpe_ratio": -1.6351660271861428,
  "sortino_ratio": -5.369814270100196,
  "max_drawdown": -362257.2857142866,
  "max_drawdown_pct": -36.22572857142866,
  "max_consecutive_wins": 5,
  "max_consecutive_losses": 13,
  "duration_sec": 2.050528049468994,
  "long_trades_pct": 50.92592592592593,
  "short_trades_pct": 49.074074074074076,
  "long_win_rate": 34.54545454545455,
  "short_win_rate": 33.9622641509434,
  "initial_capital": 1000000,
  "commission": 1.0,
  "spread": 0.0,
  "pip_size": 0.0001
}