{
  "total_return": 471536.1428571379,
  "return_pct": 47.15361428571379,
  "cagr": 1.8637533716621801,
  "total_trades": 2380,
  "win_rate": 42.05882352941177,
  "avg_trade": 198.12442977190668,
  "avg_win": 6002.094191522766,
  "avg_loss": -4014.9094581995287,
  "avg_win_pips": 30.015470957613825,
  "avg_loss_pips": -20.069547290997644,
  "profit_factor": 1.0851677089547158,
  "sharpe_ratio": 0.5642260307045812,
  "sortino_ratio": 1.5825442285505185,
  "max_drawdown": -141739.28571428964,
  "max_drawdown_pct": -14.173928571428965,
  "max_consecutive_wins": 9,
  "max_consecutive_losses": 13,
  "duration_sec": 9.643424987792969,
  "long_trades_pct": 51.470588235294116,
  "short_trades_pct": 48.529411764705884,
  "long_win_rate": 41.63265306122449,
  "short_win_rate": 42.51082251082251,
  "initial_capital": 1000000,
  "commission": 1.0,
  "spread": 0.0,
  "pip_size": 0.0001
}