{
  "total_return": -180795.28571429412,
  "return_pct": -18.079528571429414,
  "cagr": -1.2479855144716723,
  "total_trades": 2516,
  "win_rate": 32.23370429252782,
  "avg_trade": -71.85822166704854,
  "avg_win": 5055.775585696669,
  "avg_loss": -2510.8676162547167,
  "avg_win_pips": 50.56775585696668,
  "avg_loss_pips": -25.098676162547168,
  "profit_factor": 0.9577682670105518,
  "sharpe_ratio": -0.2944721759310587,
  "sortino_ratio": -1.076920967066417,
  "max_drawdown": -224030.42857143295,
  "max_drawdown_pct": -22.403042857143294,
  "max_consecutive_wins": 6,
  "max_consecutive_losses": 15,
  "duration_sec": 1.6008639335632324,
  "long_trades_pct": 49.48330683624801,
  "short_trades_pct": 50.51669316375199,
  "long_win_rate": 32.93172690763052,
  "short_win_rate": 31.549960660896932,
  "initial_capital": 1000000,
  "commission": 1.0,
  "spread": 0.0,
  "pip_size": 0.0001
}