{
  "total_return": 486775.42857142916,
  "return_pct": 48.67754285714291,
  "cagr": 2.5290666771811576,
  "total_trades": 26951,
  "win_rate": 32.87076546324812,
  "avg_trade": 18.061497850596606,
  "avg_win": 5395.041555802815,
  "avg_loss": -2614.851741890654,
  "avg_win_pips": 26.98020777901408,
  "avg_loss_pips": -13.069258709453273,
  "profit_factor": 1.010289517228419,
  "sharpe_ratio": 0.06754235317815005,
  "sortino_ratio": 0.20898076570384364,
  "max_drawdown": -764882.999999986,
  "max_drawdown_pct": -76.4882999999986,
  "max_consecutive_wins": 8,
  "max_consecutive_losses": 24,
  "duration_sec": 5.082274913787842,
  "long_trades_pct": 50.61407739972543,
  "short_trades_pct": 49.385922600274576,
  "long_win_rate": 32.71754270214793,
  "short_win_rate": 33.02779864763336,
  "initial_capital": 1000000,
  "commission": 1.0,
  "spread": 0.0,
  "pip_size": 0.0001
}