{
  "total_return": 21267.472799131312,
  "return_pct": 2.1267472799131313,
  "cagr": 0.10064601997246125,
  "total_trades": 2617,
  "win_rate": 50.13374092472297,
  "avg_trade": 8.126661367646662,
  "avg_win": 1613.761599102093,
  "avg_loss": -1606.1208775653754,
  "avg_win_pips": 8.77244022212538,
  "avg_loss_pips": -8.820067870826499,
  "profit_factor": 1.0101467543632372,
  "sharpe_ratio": 0.06371961912145,
  "sortino_ratio": 0.15742066000509908,
  "max_drawdown": -217823.29579381115,
  "max_drawdown_pct": -21.782329579381116,
  "max_consecutive_wins": 9,
  "max_consecutive_losses": 8,
  "duration_sec": 68.1947820186615,
  "long_trades_pct": 52.73213603362629,
  "short_trades_pct": 47.26786396637371,
  "long_win_rate": 51.30434782608696,
  "short_win_rate": 48.82780921584479,
  "initial_capital": 1000000,
  "commission": 1.0,
  "spread": 0.0,
  "pip_size": 0.0001
}