{
  "total_return": -191446.4718643779,
  "return_pct": -19.14464718643779,
  "cagr": -1.3293385029048421,
  "total_trades": 881,
  "win_rate": 31.55505107832009,
  "avg_trade": -217.30587044764803,
  "avg_win": 1942.891373911576,
  "avg_loss": -1213.2177011804247,
  "avg_win_pips": 13.567094092743474,
  "avg_loss_pips": -8.597345089218779,
  "profit_factor": 0.7383074754160535,
  "sharpe_ratio": -1.7745413133835004,
  "sortino_ratio": -3.9466717867185683,
  "max_drawdown": -204811.09478325638,
  "max_drawdown_pct": -20.48110947832564,
  "max_consecutive_wins": 5,
  "max_consecutive_losses": 14,
  "duration_sec": 13.7599618434906,
  "long_trades_pct": 52.55391600454029,
  "short_trades_pct": 47.4460839954597,
  "long_win_rate": 31.96544276457883,
  "short_win_rate": 31.100478468899524,
  "initial_capital": 1000000,
  "commission": 1.0,
  "spread": 0.0,
  "pip_size": 0.0001
}