{
  "total_return": -341772.9285714291,
  "return_pct": -34.17729285714291,
  "cagr": -2.5987926074732326,
  "total_trades": 395,
  "win_rate": 34.43037974683544,
  "avg_trade": -865.2479204339977,
  "avg_win": 10210.229516806727,
  "avg_loss": -6680.942636514069,
  "avg_win_pips": 51.056147584033624,
  "avg_loss_pips": -33.399713182570345,
  "profit_factor": 0.8024849682754636,
  "sharpe_ratio": -1.5902177220737217,
  "sortino_ratio": -5.197262265047333,
  "max_drawdown": -391582.9285714295,
  "max_drawdown_pct": -39.15829285714295,
  "max_consecutive_wins": 5,
  "max_consecutive_losses": 14,
  "duration_sec": 1.9366488456726074,
  "long_trades_pct": 51.392405063291136,
  "short_trades_pct": 48.60759493670886,
  "long_win_rate": 34.48275862068966,
  "short_win_rate": 34.375,
  "initial_capital": 1000000,
  "commission": 1.0,
  "spread": 0.0,
  "pip_size": 0.0001
}