{
  "total_return": 215207.64285714322,
  "return_pct": 21.52076428571432,
  "cagr": 1.235024377909455,
  "total_trades": 2467,
  "win_rate": 34.45480340494528,
  "avg_trade": 87.23455324570054,
  "avg_win": 4478.552100840337,
  "avg_loss": -2221.126557116353,
  "avg_win_pips": 44.79552100840336,
  "avg_loss_pips": -22.20126557116353,
  "profit_factor": 1.0599203533886563,
  "sharpe_ratio": 0.40202378852405546,
  "sortino_ratio": 1.6779112316027172,
  "max_drawdown": -102972.07142857145,
  "max_drawdown_pct": -10.297207142857145,
  "max_consecutive_wins": 5,
  "max_consecutive_losses": 13,
  "duration_sec": 1.6317219734191895,
  "long_trades_pct": 49.45277665180381,
  "short_trades_pct": 50.54722334819619,
  "long_win_rate": 35.16393442622951,
  "short_win_rate": 33.76102646351243,
  "initial_capital": 1000000,
  "commission": 1.0,
  "spread": 0.0,
  "pip_size": 0.0001
}