{
  "total_return": -7569.928640873785,
  "return_pct": -0.7569928640873785,
  "cagr": -0.04783262931595811,
  "total_trades": 47,
  "win_rate": 31.914893617021278,
  "avg_trade": -161.06231150795287,
  "avg_win": 8772.339547984226,
  "avg_loss": -4348.594433144912,
  "avg_win_pips": 87.73339547984226,
  "avg_loss_pips": -43.47594433144913,
  "profit_factor": 0.9456007513084579,
  "sharpe_ratio": -0.37097335638354484,
  "sortino_ratio": -1.1353250756705218,
  "max_drawdown": -55663.26975192801,
  "max_drawdown_pct": -5.566326975192801,
  "max_consecutive_wins": 4,
  "max_consecutive_losses": 13,
  "duration_sec": 0.7935707569122314,
  "long_trades_pct": 55.319148936170215,
  "short_trades_pct": 44.680851063829785,
  "long_win_rate": 26.923076923076923,
  "short_win_rate": 38.095238095238095,
  "initial_capital": 1000000,
  "commission": 1.0,
  "spread": 0.0,
  "pip_size": 0.0001
}