{
  "total_return": 173202.42857142416,
  "return_pct": 17.320242857142414,
  "cagr": 0.7664873858472809,
  "total_trades": 2416,
  "win_rate": 32.574503311258276,
  "avg_trade": 71.68974692525835,
  "avg_win": 16925.669994554362,
  "avg_loss": -8070.7795317021855,
  "avg_win_pips": 84.63334997277181,
  "avg_loss_pips": -40.34889765851092,
  "profit_factor": 1.013173992413151,
  "sharpe_ratio": 0.08725382586480256,
  "sortino_ratio": 0.3118381178023901,
  "max_drawdown": -928132.7142857125,
  "max_drawdown_pct": -92.81327142857124,
  "max_consecutive_wins": 5,
  "max_consecutive_losses": 16,
  "duration_sec": 0.5497348308563232,
  "long_trades_pct": 51.77980132450332,
  "short_trades_pct": 48.22019867549669,
  "long_win_rate": 33.81294964028777,
  "short_win_rate": 31.244635193133046,
  "initial_capital": 1000000,
  "commission": 1.0,
  "spread": 0.0,
  "pip_size": 0.0001
}