{
  "total_return": 147711.00000000343,
  "return_pct": 14.771100000000342,
  "cagr": 0.8713661855951793,
  "total_trades": 1269,
  "win_rate": 33.72734436564224,
  "avg_trade": 116.39952718676393,
  "avg_win": 17184.874499332444,
  "avg_loss": -8570.053847460505,
  "avg_win_pips": 85.92937249666222,
  "avg_loss_pips": -42.845269237302524,
  "profit_factor": 1.0204943095609846,
  "sharpe_ratio": 0.13998398401131873,
  "sortino_ratio": 0.5039110741080286,
  "max_drawdown": -534363.2857142875,
  "max_drawdown_pct": -53.43632857142876,
  "max_consecutive_wins": 5,
  "max_consecutive_losses": 15,
  "duration_sec": 1.7064509391784668,
  "long_trades_pct": 50.11820330969267,
  "short_trades_pct": 49.881796690307326,
  "long_win_rate": 33.17610062893082,
  "short_win_rate": 34.28120063191153,
  "initial_capital": 1000000,
  "commission": 1.0,
  "spread": 0.0,
  "pip_size": 0.0001
}