{
  "total_return": 19957.71428571589,
  "return_pct": 1.995771428571589,
  "cagr": 0.1245002486920388,
  "total_trades": 386,
  "win_rate": 39.637305699481864,
  "avg_trade": 51.703923019989354,
  "avg_win": 14722.176470588229,
  "avg_loss": -9581.696505211516,
  "avg_win_pips": 73.61588235294116,
  "avg_loss_pips": -47.90348252605757,
  "profit_factor": 1.008939484367133,
  "sharpe_ratio": 0.0195565203770235,
  "sortino_ratio": 0.07340157929480298,
  "max_drawdown": -216427.92857142855,
  "max_drawdown_pct": -21.642792857142858,
  "max_consecutive_wins": 4,
  "max_consecutive_losses": 9,
  "duration_sec": 1.8364319801330566,
  "long_trades_pct": 50.77720207253886,
  "short_trades_pct": 49.22279792746114,
  "long_win_rate": 38.775510204081634,
  "short_win_rate": 40.526315789473685,
  "initial_capital": 1000000,
  "commission": 1.0,
  "spread": 0.0,
  "pip_size": 0.0001
}