{
  "total_return": -394075.71428571426,
  "return_pct": -39.40757142857142,
  "cagr": -3.105227857258308,
  "total_trades": 326,
  "win_rate": 33.74233128834356,
  "avg_trade": -1208.8212094653811,
  "avg_win": 10937.471428571438,
  "avg_loss": -7394.433201058205,
  "avg_win_pips": 54.69235714285717,
  "avg_loss_pips": -36.96716600529102,
  "profit_factor": 0.7532705274944519,
  "sharpe_ratio": -2.07858108114352,
  "sortino_ratio": -7.1096550682799124,
  "max_drawdown": -432022.28571428644,
  "max_drawdown_pct": -43.20222857142864,
  "max_consecutive_wins": 3,
  "max_consecutive_losses": 12,
  "duration_sec": 1.8113620281219482,
  "long_trades_pct": 49.079754601226995,
  "short_trades_pct": 50.920245398773,
  "long_win_rate": 33.125,
  "short_win_rate": 34.33734939759036,
  "initial_capital": 1000000,
  "commission": 1.0,
  "spread": 0.0,
  "pip_size": 0.0001
}