{
  "total_return": 265158.94605929166,
  "return_pct": 26.515894605929162,
  "cagr": 1.4921608382023832,
  "total_trades": 1411,
  "win_rate": 44.72005669737775,
  "avg_trade": 187.92271159411175,
  "avg_win": 10875.357471038134,
  "avg_loss": -8457.937972007398,
  "avg_win_pips": 36.39558523884991,
  "avg_loss_pips": -28.333772893772917,
  "profit_factor": 1.0401927003801377,
  "sharpe_ratio": 0.16768719414483288,
  "sortino_ratio": 0.4765130405745618,
  "max_drawdown": -309008.9159764494,
  "max_drawdown_pct": -30.900891597644936,
  "max_consecutive_wins": 10,
  "max_consecutive_losses": 9,
  "duration_sec": 100.41268610954285,
  "long_trades_pct": 47.20056697377746,
  "short_trades_pct": 52.799433026222545,
  "long_win_rate": 44.14414414414414,
  "short_win_rate": 45.234899328859065,
  "initial_capital": 1000000,
  "commission": 1.0,
  "spread": 0.0,
  "pip_size": 0.0001
}