{
  "total_return": 234882.57142857654,
  "return_pct": 23.488257142857655,
  "cagr": 1.3374675667651603,
  "total_trades": 1619,
  "win_rate": 41.38357010500309,
  "avg_trade": 145.07879643519243,
  "avg_win": 5452.710874200423,
  "avg_loss": -3602.1430076772467,
  "avg_win_pips": 27.26855437100212,
  "avg_loss_pips": -18.00571503838623,
  "profit_factor": 1.0687105824070824,
  "sharpe_ratio": 0.47597926856490347,
  "sortino_ratio": 1.5065787518556273,
  "max_drawdown": -143383.71428570955,
  "max_drawdown_pct": -14.338371428570953,
  "max_consecutive_wins": 6,
  "max_consecutive_losses": 12,
  "duration_sec": 7.060535907745361,
  "long_trades_pct": 48.42495367510809,
  "short_trades_pct": 51.57504632489191,
  "long_win_rate": 42.474489795918366,
  "short_win_rate": 40.35928143712575,
  "initial_capital": 1000000,
  "commission": 1.0,
  "spread": 0.0,
  "pip_size": 0.0001
}