{
  "total_return": -4189723.2453595744,
  "return_pct": -418.97232453595745,
  "cagr": 0.0,
  "total_trades": 192,
  "win_rate": 29.6875,
  "avg_trade": -21821.475236247785,
  "avg_win": 218236.75477224824,
  "avg_loss": -123179.39457316832,
  "avg_win_pips": 2182.377547722482,
  "avg_loss_pips": -1231.7839457316832,
  "profit_factor": 0.7480504989474617,
  "sharpe_ratio": -1.7961261849753323,
  "sortino_ratio": -4.673753103600572,
  "max_drawdown": -5149524.537580515,
  "max_drawdown_pct": -514.9524537580515,
  "max_consecutive_wins": 3,
  "max_consecutive_losses": 12,
  "duration_sec": 1.755829095840454,
  "long_trades_pct": 55.729166666666664,
  "short_trades_pct": 44.27083333333333,
  "long_win_rate": 37.38317757009346,
  "short_win_rate": 20.0,
  "initial_capital": 1000000,
  "commission": 1.0,
  "spread": 0.0,
  "pip_size": 0.0001
}