{
  "total_return": 13261718.14285705,
  "return_pct": 1326.171814285705,
  "cagr": 308.2802380135481,
  "total_trades": 39,
  "win_rate": 48.717948717948715,
  "avg_trade": 340044.0549450526,
  "avg_win": 1823708.022556392,
  "avg_loss": -1069436.71428572,
  "avg_win_pips": 9118.54511278196,
  "avg_loss_pips": -5347.1785714286,
  "profit_factor": 1.620032862426768,
  "sharpe_ratio": 1.0524951513410459,
  "sortino_ratio": 6.222914750627753,
  "max_drawdown": -7155980.428571546,
  "max_drawdown_pct": -715.5980428571547,
  "max_consecutive_wins": 5,
  "max_consecutive_losses": 5,
  "duration_sec": 0.21637296676635742,
  "long_trades_pct": 53.84615384615385,
  "short_trades_pct": 46.15384615384615,
  "long_win_rate": 42.857142857142854,
  "short_win_rate": 55.55555555555556,
  "initial_capital": 1000000,
  "commission": 1.0,
  "spread": 0.0,
  "pip_size": 0.0001
}