{
  "total_return": 291357.000000003,
  "return_pct": 29.135700000000302,
  "cagr": 1.229749552141013,
  "total_trades": 1643,
  "win_rate": 33.71880706025563,
  "avg_trade": 177.33231892879064,
  "avg_win": 13743.99226405364,
  "avg_loss": -6724.347763347762,
  "avg_win_pips": 68.7249613202682,
  "avg_loss_pips": -33.61673881673881,
  "profit_factor": 1.039787569584631,
  "sharpe_ratio": 0.2575880344017402,
  "sortino_ratio": 0.8186386283731432,
  "max_drawdown": -297360.1428571436,
  "max_drawdown_pct": -29.736014285714358,
  "max_consecutive_wins": 6,
  "max_consecutive_losses": 15,
  "duration_sec": 2.216456413269043,
  "long_trades_pct": 51.065124771758974,
  "short_trades_pct": 48.93487522824102,
  "long_win_rate": 33.49225268176401,
  "short_win_rate": 33.95522388059701,
  "initial_capital": 1000000,
  "commission": 1.0,
  "spread": 0.0,
  "pip_size": 0.0001
}