{
  "total_return": -110846.21428576544,
  "return_pct": -11.084621428576543,
  "cagr": -0.7353535057113447,
  "total_trades": 1221,
  "win_rate": 40.78624078624078,
  "avg_trade": -90.78314028318218,
  "avg_win": 5058.718158347637,
  "avg_loss": -3637.742540999846,
  "avg_win_pips": 25.29859079173818,
  "avg_loss_pips": -18.18371270499923,
  "profit_factor": 0.9578545583620999,
  "sharpe_ratio": -0.1687847328787082,
  "sortino_ratio": -0.5567196985520702,
  "max_drawdown": -176681.2857143064,
  "max_drawdown_pct": -17.668128571430643,
  "max_consecutive_wins": 7,
  "max_consecutive_losses": 14,
  "duration_sec": 6.698060750961304,
  "long_trades_pct": 50.532350532350534,
  "short_trades_pct": 49.467649467649466,
  "long_win_rate": 36.466774716369535,
  "short_win_rate": 45.198675496688736,
  "initial_capital": 1000000,
  "commission": 1.0,
  "spread": 0.0001,
  "pip_size": 0.0001
}