{
  "total_return": 626425.2530313665,
  "return_pct": 62.64252530313665,
  "cagr": 3.109811476498381,
  "total_trades": 743,
  "win_rate": 45.8950201884253,
  "avg_trade": 843.1026285751905,
  "avg_win": 27716.166906158185,
  "avg_loss": -21952.208114349687,
  "avg_win_pips": 95.83994553833269,
  "avg_loss_pips": -75.08702914001421,
  "profit_factor": 1.0709847394664258,
  "sharpe_ratio": 0.22806978975144485,
  "sortino_ratio": 0.7720735190028742,
  "max_drawdown": -552253.3680425953,
  "max_drawdown_pct": -55.22533680425953,
  "max_consecutive_wins": 10,
  "max_consecutive_losses": 9,
  "duration_sec": 54.804879903793335,
  "long_trades_pct": 52.48990578734859,
  "short_trades_pct": 47.51009421265142,
  "long_win_rate": 47.43589743589743,
  "short_win_rate": 44.19263456090651,
  "initial_capital": 1000000,
  "commission": 1.0,
  "spread": 0.0,
  "pip_size": 0.0001
}