{
  "total_return": -5711473.285714221,
  "return_pct": -571.1473285714221,
  "cagr": 0.0,
  "total_trades": 259,
  "win_rate": 32.04633204633205,
  "avg_trade": -22052.020408163015,
  "avg_win": 370822.5800344235,
  "avg_loss": -207328.11038961002,
  "avg_win_pips": 3708.235800344234,
  "avg_loss_pips": -2073.2711038961006,
  "profit_factor": 0.8434773138154925,
  "sharpe_ratio": -0.8952143223420209,
  "sortino_ratio": -2.034338381415653,
  "max_drawdown": -7383370.28571422,
  "max_drawdown_pct": -738.337028571422,
  "max_consecutive_wins": 4,
  "max_consecutive_losses": 12,
  "duration_sec": 1.4594101905822754,
  "long_trades_pct": 54.054054054054056,
  "short_trades_pct": 45.94594594594595,
  "long_win_rate": 33.57142857142857,
  "short_win_rate": 30.252100840336134,
  "initial_capital": 1000000,
  "commission": 1.0,
  "spread": 0.0,
  "pip_size": 0.0001
}