{
  "total_return": -81234.28571428591,
  "return_pct": -8.12342857142859,
  "cagr": -0.532122058998763,
  "total_trades": 560,
  "win_rate": 33.39285714285714,
  "avg_trade": -145.06122448979627,
  "avg_win": 4831.09702062643,
  "avg_loss": -2639.810800459594,
  "avg_win_pips": 48.320970206264306,
  "avg_loss_pips": -26.388108004595935,
  "profit_factor": 0.9174992811074454,
  "sharpe_ratio": -0.47764055758739676,
  "sortino_ratio": -1.3704478316763822,
  "max_drawdown": -195219.1428571429,
  "max_drawdown_pct": -19.52191428571429,
  "max_consecutive_wins": 5,
  "max_consecutive_losses": 13,
  "duration_sec": 2.505178213119507,
  "long_trades_pct": 47.14285714285714,
  "short_trades_pct": 52.85714285714286,
  "long_win_rate": 32.196969696969695,
  "short_win_rate": 34.45945945945946,
  "initial_capital": 1000000,
  "commission": 1.0,
  "spread": 0.0,
  "pip_size": 0.0001
}