{
  "total_return": -148535.59370237144,
  "return_pct": -14.853559370237143,
  "cagr": -0.7656874653382606,
  "total_trades": 1062,
  "win_rate": 34.55743879472693,
  "avg_trade": -139.86402420185635,
  "avg_win": 2238.9815234646526,
  "avg_loss": -1396.0313853437397,
  "avg_win_pips": 16.383254474313933,
  "avg_loss_pips": -10.755832967298769,
  "profit_factor": 0.846908686328836,
  "sharpe_ratio": -0.9059839584968111,
  "sortino_ratio": -2.020522940952265,
  "max_drawdown": -160616.94270795622,
  "max_drawdown_pct": -16.06169427079562,
  "max_consecutive_wins": 6,
  "max_consecutive_losses": 17,
  "duration_sec": 17.493263006210327,
  "long_trades_pct": 51.50659133709981,
  "short_trades_pct": 48.49340866290019,
  "long_win_rate": 34.552102376599635,
  "short_win_rate": 34.56310679611651,
  "initial_capital": 1000000,
  "commission": 1.0,
  "spread": 0.0,
  "pip_size": 0.0001
}