{
  "total_return": 44961.4285714328,
  "return_pct": 4.49614285714328,
  "cagr": 0.21045128646546285,
  "total_trades": 3135,
  "win_rate": 34.92822966507177,
  "avg_trade": 14.341763499659585,
  "avg_win": 2662.448793215916,
  "avg_loss": -1407.0686274509778,
  "avg_win_pips": 26.634487932159157,
  "avg_loss_pips": -14.06068627450978,
  "profit_factor": 1.0156637107362103,
  "sharpe_ratio": 0.07645168130141643,
  "sortino_ratio": 0.1983673231887123,
  "max_drawdown": -134254.5714285706,
  "max_drawdown_pct": -13.425457142857061,
  "max_consecutive_wins": 8,
  "max_consecutive_losses": 18,
  "duration_sec": 13.15323519706726,
  "long_trades_pct": 51.802232854864435,
  "short_trades_pct": 48.197767145135565,
  "long_win_rate": 37.86945812807882,
  "short_win_rate": 31.767041694242227,
  "initial_capital": 1000000,
  "commission": 1.0,
  "spread": 0.0,
  "pip_size": 0.0001
}