{
  "total_return": -36235.63424721901,
  "return_pct": -3.6235634247219006,
  "cagr": -0.23211789222720158,
  "total_trades": 92,
  "win_rate": 31.521739130434785,
  "avg_trade": -393.86558964368487,
  "avg_win": 7690.301648201221,
  "avg_loss": -4115.148921350071,
  "avg_win_pips": 76.91301648201218,
  "avg_loss_pips": -41.14148921350071,
  "profit_factor": 0.860231352845863,
  "sharpe_ratio": -0.9639817429114624,
  "sortino_ratio": -2.859637766860478,
  "max_drawdown": -95719.98341938648,
  "max_drawdown_pct": -9.571998341938649,
  "max_consecutive_wins": 4,
  "max_consecutive_losses": 10,
  "duration_sec": 0.8068039417266846,
  "long_trades_pct": 50.0,
  "short_trades_pct": 50.0,
  "long_win_rate": 39.130434782608695,
  "short_win_rate": 23.91304347826087,
  "initial_capital": 1000000,
  "commission": 1.0,
  "spread": 0.0,
  "pip_size": 0.0001
}