{
  "total_return": 27217.2857142859,
  "return_pct": 2.72172857142859,
  "cagr": 0.16922135328369947,
  "total_trades": 152,
  "win_rate": 38.15789473684211,
  "avg_trade": 179.06109022556512,
  "avg_win": 9625.305418719225,
  "avg_loss": -5649.472644376905,
  "avg_win_pips": 96.26305418719222,
  "avg_loss_pips": -56.48472644376905,
  "profit_factor": 1.0512517912611477,
  "sharpe_ratio": 0.27880172838451317,
  "sortino_ratio": 0.7106328758056132,
  "max_drawdown": -116190.42857142873,
  "max_drawdown_pct": -11.619042857142873,
  "max_consecutive_wins": 3,
  "max_consecutive_losses": 8,
  "duration_sec": 0.6355540752410889,
  "long_trades_pct": 53.94736842105263,
  "short_trades_pct": 46.05263157894737,
  "long_win_rate": 37.80487804878049,
  "short_win_rate": 38.57142857142858,
  "initial_capital": 1000000,
  "commission": 1.0,
  "spread": 0.0,
  "pip_size": 0.0001
}