{
  "total_return": 9491637.71428595,
  "return_pct": 949.1637714285948,
  "cagr": 247.66860242635036,
  "total_trades": 498,
  "win_rate": 42.77108433734939,
  "avg_trade": 19059.513482501905,
  "avg_win": 396854.43259557424,
  "avg_loss": -263292.47869674163,
  "avg_win_pips": 1984.2771629778708,
  "avg_loss_pips": -1316.457393483708,
  "profit_factor": 1.1264904798830582,
  "sharpe_ratio": 0.836290532015308,
  "sortino_ratio": 2.4167907605963173,
  "max_drawdown": -5672638.428571461,
  "max_drawdown_pct": -567.2638428571461,
  "max_consecutive_wins": 11,
  "max_consecutive_losses": 12,
  "duration_sec": 3.3566529750823975,
  "long_trades_pct": 56.42570281124498,
  "short_trades_pct": 43.57429718875502,
  "long_win_rate": 43.06049822064057,
  "short_win_rate": 42.3963133640553,
  "initial_capital": 1000000,
  "commission": 1.0,
  "spread": 0.0,
  "pip_size": 0.0001
}