{
  "total_return": 178473.86930743261,
  "return_pct": 17.847386930743262,
  "cagr": 1.0395289424417475,
  "total_trades": 1895,
  "win_rate": 50.87071240105541,
  "avg_trade": 94.18146137595389,
  "avg_win": 1398.6790139604102,
  "avg_loss": -1256.5549947909806,
  "avg_win_pips": 7.483178423236488,
  "avg_loss_pips": -6.798781647997549,
  "profit_factor": 1.1525609756548725,
  "sharpe_ratio": 0.9296127283351872,
  "sortino_ratio": 2.578163381610199,
  "max_drawdown": -43461.82067407065,
  "max_drawdown_pct": -4.3461820674070655,
  "max_consecutive_wins": 9,
  "max_consecutive_losses": 7,
  "duration_sec": 50.96729111671448,
  "long_trades_pct": 51.71503957783641,
  "short_trades_pct": 48.284960422163586,
  "long_win_rate": 53.367346938775505,
  "short_win_rate": 48.19672131147541,
  "initial_capital": 1000000,
  "commission": 1.0,
  "spread": 0.0,
  "pip_size": 0.0001
}