{
  "total_return": 286920.28571429185,
  "return_pct": 28.692028571429184,
  "cagr": 1.5973331110855193,
  "total_trades": 1473,
  "win_rate": 41.75152749490835,
  "avg_trade": 194.78634468044254,
  "avg_win": 5285.232055749134,
  "avg_loss": -3453.9597069597035,
  "avg_win_pips": 26.431160278745672,
  "avg_loss_pips": -17.264798534798516,
  "profit_factor": 1.096818132166426,
  "sharpe_ratio": 0.3963764082976906,
  "sortino_ratio": 1.3243884998851863,
  "max_drawdown": -90482.1428571394,
  "max_drawdown_pct": -9.04821428571394,
  "max_consecutive_wins": 7,
  "max_consecutive_losses": 18,
  "duration_sec": 6.953406810760498,
  "long_trades_pct": 50.577053632043445,
  "short_trades_pct": 49.42294636795655,
  "long_win_rate": 39.19463087248322,
  "short_win_rate": 44.36813186813187,
  "initial_capital": 1000000,
  "commission": 1.0,
  "spread": 0.0,
  "pip_size": 0.0001
}