{
  "total_return": -166192.92632631643,
  "return_pct": -16.619292632631645,
  "cagr": -1.138049953499165,
  "total_trades": 1568,
  "win_rate": 33.80102040816326,
  "avg_trade": -105.9903866877018,
  "avg_win": 1310.8160257086422,
  "avg_loss": -829.4079190288024,
  "avg_win_pips": 13.118160257086423,
  "avg_loss_pips": -8.284079190288022,
  "profit_factor": 0.806960135599664,
  "sharpe_ratio": -1.3441488239999637,
  "sortino_ratio": -3.5233738085227375,
  "max_drawdown": -169201.6900572248,
  "max_drawdown_pct": -16.920169005722478,
  "max_consecutive_wins": 6,
  "max_consecutive_losses": 21,
  "duration_sec": 12.548828840255737,
  "long_trades_pct": 52.55102040816326,
  "short_trades_pct": 47.44897959183674,
  "long_win_rate": 33.737864077669904,
  "short_win_rate": 33.87096774193548,
  "initial_capital": 1000000,
  "commission": 1.0,
  "spread": 0.0,
  "pip_size": 0.0001
}