{
  "total_return": 508492.5000000036,
  "return_pct": 50.84925000000035,
  "cagr": 2.622738881046538,
  "total_trades": 5246,
  "win_rate": 43.74761723217689,
  "avg_trade": 96.92956538314975,
  "avg_win": 2239.9156862745112,
  "avg_loss": -1569.676042019654,
  "avg_win_pips": 11.204578431372555,
  "avg_loss_pips": -7.84338021009827,
  "profit_factor": 1.1097754718471964,
  "sharpe_ratio": 0.7050530608149256,
  "sortino_ratio": 1.7060078711475166,
  "max_drawdown": -95950.71428571457,
  "max_drawdown_pct": -9.595071428571456,
  "max_consecutive_wins": 10,
  "max_consecutive_losses": 13,
  "duration_sec": 29.676723957061768,
  "long_trades_pct": 49.4281357224552,
  "short_trades_pct": 50.5718642775448,
  "long_win_rate": 44.85152333204782,
  "short_win_rate": 42.66867696946853,
  "initial_capital": 1000000,
  "commission": 1.0,
  "spread": 0.0,
  "pip_size": 0.0001
}