{
  "total_return": -148915.2267383351,
  "return_pct": -14.89152267383351,
  "cagr": -0.7678028609372167,
  "total_trades": 1055,
  "win_rate": 48.530805687203795,
  "avg_trade": -141.15187368562567,
  "avg_win": 2380.500961655595,
  "avg_loss": -2518.842944946593,
  "avg_win_pips": 16.72409570312498,
  "avg_loss_pips": -17.420393317548026,
  "profit_factor": 0.891122487942539,
  "sharpe_ratio": -0.7593376816931802,
  "sortino_ratio": -2.457240782566963,
  "max_drawdown": -205264.0176420173,
  "max_drawdown_pct": -20.526401764201733,
  "max_consecutive_wins": 9,
  "max_consecutive_losses": 10,
  "duration_sec": 10.766685962677002,
  "long_trades_pct": 54.502369668246445,
  "short_trades_pct": 45.497630331753555,
  "long_win_rate": 48.17391304347826,
  "short_win_rate": 48.95833333333333,
  "initial_capital": 1000000,
  "commission": 1.0,
  "spread": 0.0,
  "pip_size": 0.0001
}