{
  "total_return": -303555.5134900396,
  "return_pct": -30.35555134900396,
  "cagr": -1.714428976723259,
  "total_trades": 2105,
  "win_rate": 34.204275534441805,
  "avg_trade": -144.20689476961502,
  "avg_win": 1378.4098935232757,
  "avg_loss": -935.7477522215148,
  "avg_win_pips": 13.794098935232755,
  "avg_loss_pips": -9.347477522215147,
  "profit_factor": 0.7657769891200302,
  "sharpe_ratio": -1.547471953628083,
  "sortino_ratio": -3.3262797906272357,
  "max_drawdown": -309174.3664146963,
  "max_drawdown_pct": -30.91743664146963,
  "max_consecutive_wins": 7,
  "max_consecutive_losses": 15,
  "duration_sec": 19.11747407913208,
  "long_trades_pct": 53.729216152019,
  "short_trades_pct": 46.270783847980994,
  "long_win_rate": 35.63218390804598,
  "short_win_rate": 32.54620123203286,
  "initial_capital": 1000000,
  "commission": 1.0,
  "spread": 0.0,
  "pip_size": 0.0001
}