{
  "total_return": 61415.136982048316,
  "return_pct": 6.1415136982048315,
  "cagr": 0.2853168039143261,
  "total_trades": 48,
  "win_rate": 43.75,
  "avg_trade": 1279.48202045934,
  "avg_win": 8147.663519121532,
  "avg_loss": -4062.4369229445874,
  "avg_win_pips": 81.48663519121534,
  "avg_loss_pips": -40.614369229445884,
  "profit_factor": 1.5599187744163414,
  "sharpe_ratio": 2.9978129805272107,
  "sortino_ratio": 9.86450730239645,
  "max_drawdown": -31119.63527901766,
  "max_drawdown_pct": -3.111963527901766,
  "max_consecutive_wins": 3,
  "max_consecutive_losses": 6,
  "duration_sec": 1.2262639999389648,
  "long_trades_pct": 60.416666666666664,
  "short_trades_pct": 39.58333333333333,
  "long_win_rate": 44.827586206896555,
  "short_win_rate": 42.10526315789473,
  "initial_capital": 1000000,
  "commission": 1.0,
  "spread": 0.0,
  "pip_size": 0.0001
}