{
  "total_return": -33001965.42857101,
  "return_pct": -3300.1965428571007,
  "cagr": 0.0,
  "total_trades": 794,
  "win_rate": 29.345088161209066,
  "avg_trade": -41564.18819719271,
  "avg_win": 1315238.1171060703,
  "avg_loss": -605084.5752482807,
  "avg_win_pips": 6576.195585530351,
  "avg_loss_pips": -3025.417876241403,
  "profit_factor": 0.9027788258767552,
  "sharpe_ratio": -0.691374113181761,
  "sortino_ratio": -2.5546795300262337,
  "max_drawdown": -36633475.28571391,
  "max_drawdown_pct": -3663.347528571391,
  "max_consecutive_wins": 4,
  "max_consecutive_losses": 13,
  "duration_sec": 0.16227102279663086,
  "long_trades_pct": 48.11083123425693,
  "short_trades_pct": 51.88916876574308,
  "long_win_rate": 30.628272251308903,
  "short_win_rate": 28.155339805825243,
  "initial_capital": 1000000,
  "commission": 1.0,
  "spread": 0.0,
  "pip_size": 0.0001
}