{
  "total_return": 88041.14285714098,
  "return_pct": 8.804114285714098,
  "cagr": 0.5327835147260318,
  "total_trades": 581,
  "win_rate": 36.83304647160069,
  "avg_trade": 151.53380870420133,
  "avg_win": 5126.3497997329805,
  "avg_loss": -2749.312572985604,
  "avg_win_pips": 51.273497997329805,
  "avg_loss_pips": -27.48312572985605,
  "profit_factor": 1.0872560379578922,
  "sharpe_ratio": 0.46880131416812965,
  "sortino_ratio": 1.3270693709362755,
  "max_drawdown": -78691.0,
  "max_drawdown_pct": -7.8690999999999995,
  "max_consecutive_wins": 7,
  "max_consecutive_losses": 11,
  "duration_sec": 2.451902389526367,
  "long_trades_pct": 54.56110154905336,
  "short_trades_pct": 45.438898450946645,
  "long_win_rate": 35.96214511041009,
  "short_win_rate": 37.878787878787875,
  "initial_capital": 1000000,
  "commission": 1.0,
  "spread": 0.0,
  "pip_size": 0.0001
}