{
  "total_return": -2696915.566197656,
  "return_pct": -269.6915566197656,
  "cagr": 0.0,
  "total_trades": 4,
  "win_rate": 0.0,
  "avg_trade": -674228.891549414,
  "avg_win": 0,
  "avg_loss": -674228.891549414,
  "avg_win_pips": 0,
  "avg_loss_pips": -6742.278915494139,
  "profit_factor": 0.0,
  "sharpe_ratio": -171.42192351067035,
  "sortino_ratio": -171.42192351067035,
  "max_drawdown": -1964021.146784099,
  "max_drawdown_pct": -196.4021146784099,
  "max_consecutive_wins": 0,
  "max_consecutive_losses": 4,
  "duration_sec": 0.08751296997070312,
  "long_trades_pct": 25.0,
  "short_trades_pct": 75.0,
  "long_win_rate": 0.0,
  "short_win_rate": 0.0,
  "initial_capital": 1000000,
  "commission": 1.0,
  "spread": 0.0,
  "pip_size": 0.0001
}