{
  "total_return": -76081.3228666694,
  "return_pct": -7.608132286666941,
  "cagr": -0.497082490532641,
  "total_trades": 385,
  "win_rate": 34.80519480519481,
  "avg_trade": -197.61382562771274,
  "avg_win": 2592.1649776576955,
  "avg_loss": -1686.9778082581695,
  "avg_win_pips": 25.931649776576958,
  "avg_loss_pips": -16.8597780825817,
  "profit_factor": 0.8203219754151828,
  "sharpe_ratio": -1.2497142760447528,
  "sortino_ratio": -3.6066698219876745,
  "max_drawdown": -132897.78093606478,
  "max_drawdown_pct": -13.289778093606477,
  "max_consecutive_wins": 5,
  "max_consecutive_losses": 15,
  "duration_sec": 3.1263837814331055,
  "long_trades_pct": 48.311688311688314,
  "short_trades_pct": 51.688311688311686,
  "long_win_rate": 34.40860215053764,
  "short_win_rate": 35.175879396984925,
  "initial_capital": 1000000,
  "commission": 1.0,
  "spread": 0.0,
  "pip_size": 0.0001
}