{
  "total_return": 104539.99999999034,
  "return_pct": 10.453999999999034,
  "cagr": 0.6264843874595583,
  "total_trades": 291,
  "win_rate": 41.580756013745706,
  "avg_trade": 359.2439862542623,
  "avg_win": 10648.51948051945,
  "avg_loss": -6964.299159663898,
  "avg_win_pips": 53.247597402597236,
  "avg_loss_pips": -34.816495798319494,
  "profit_factor": 1.088299075380359,
  "sharpe_ratio": 0.1624722957243232,
  "sortino_ratio": 0.5408324879512335,
  "max_drawdown": -96306.57142858299,
  "max_drawdown_pct": -9.630657142858299,
  "max_consecutive_wins": 6,
  "max_consecutive_losses": 8,
  "duration_sec": 1.7656137943267822,
  "long_trades_pct": 53.95189003436426,
  "short_trades_pct": 46.04810996563574,
  "long_win_rate": 42.038216560509554,
  "short_win_rate": 41.04477611940299,
  "initial_capital": 1000000,
  "commission": 1.0,
  "spread": 0.0001,
  "pip_size": 0.0001
}