{
  "total_return": 204922.57142857194,
  "return_pct": 20.492257142857195,
  "cagr": 0.89507208723274,
  "total_trades": 201,
  "win_rate": 41.29353233830846,
  "avg_trade": 1019.5152807391639,
  "avg_win": 9891.478485370053,
  "avg_loss": -5220.93341404358,
  "avg_win_pips": 98.92478485370052,
  "avg_loss_pips": -52.19933414043581,
  "profit_factor": 1.3326286362104882,
  "sharpe_ratio": 1.582830977633914,
  "sortino_ratio": 4.827502133160963,
  "max_drawdown": -143543.4285714287,
  "max_drawdown_pct": -14.354342857142868,
  "max_consecutive_wins": 6,
  "max_consecutive_losses": 9,
  "duration_sec": 0.824882984161377,
  "long_trades_pct": 53.233830845771145,
  "short_trades_pct": 46.766169154228855,
  "long_win_rate": 48.598130841121495,
  "short_win_rate": 32.97872340425532,
  "initial_capital": 1000000,
  "commission": 1.0,
  "spread": 0.0,
  "pip_size": 0.0001
}