{
  "total_return": 13319935.571428522,
  "return_pct": 1331.9935571428523,
  "cagr": 309.16161986649274,
  "total_trades": 43,
  "win_rate": 48.837209302325576,
  "avg_trade": 309765.9435215935,
  "avg_win": 1796153.081632654,
  "avg_loss": -1109058.1428571458,
  "avg_win_pips": 8980.77040816327,
  "avg_loss_pips": -5545.285714285728,
  "profit_factor": 1.5459151269773428,
  "sharpe_ratio": 3.2391457771231553,
  "sortino_ratio": 16.000618854083427,
  "max_drawdown": -9107067.142857227,
  "max_drawdown_pct": -910.7067142857227,
  "max_consecutive_wins": 5,
  "max_consecutive_losses": 6,
  "duration_sec": 0.23287606239318848,
  "long_trades_pct": 55.81395348837209,
  "short_trades_pct": 44.18604651162791,
  "long_win_rate": 45.83333333333333,
  "short_win_rate": 52.63157894736842,
  "initial_capital": 1000000,
  "commission": 1.0,
  "spread": 0.0,
  "pip_size": 0.0001
}