{
  "total_return": 347036.2857142867,
  "return_pct": 34.70362857142867,
  "cagr": 1.893750857430132,
  "total_trades": 598,
  "win_rate": 37.79264214046823,
  "avg_trade": 580.3282369804126,
  "avg_win": 6957.783185840706,
  "avg_loss": -3294.1470814132063,
  "avg_win_pips": 69.58783185840704,
  "avg_loss_pips": -32.93147081413206,
  "profit_factor": 1.2831972034373225,
  "sharpe_ratio": 1.2653745862603072,
  "sortino_ratio": 4.156788940730836,
  "max_drawdown": -50404.14285714278,
  "max_drawdown_pct": -5.040414285714278,
  "max_consecutive_wins": 6,
  "max_consecutive_losses": 10,
  "duration_sec": 2.4410600662231445,
  "long_trades_pct": 49.331103678929765,
  "short_trades_pct": 50.668896321070235,
  "long_win_rate": 37.6271186440678,
  "short_win_rate": 37.95379537953795,
  "initial_capital": 1000000,
  "commission": 1.0,
  "spread": 0.0,
  "pip_size": 0.0001
}