{
  "total_return": 145808.14285714302,
  "return_pct": 14.580814285714302,
  "cagr": 0.8608261675576712,
  "total_trades": 8769,
  "win_rate": 33.98335043904664,
  "avg_trade": 16.62768193147942,
  "avg_win": 2201.2365771812083,
  "avg_loss": -1107.9421069516077,
  "avg_win_pips": 22.022365771812083,
  "avg_loss_pips": -11.069421069516078,
  "profit_factor": 1.0227332307907913,
  "sharpe_ratio": 0.1462814075985358,
  "sortino_ratio": 0.43278107684723066,
  "max_drawdown": -192412.3571428532,
  "max_drawdown_pct": -19.24123571428532,
  "max_consecutive_wins": 6,
  "max_consecutive_losses": 17,
  "duration_sec": 7.222611904144287,
  "long_trades_pct": 50.22237427300718,
  "short_trades_pct": 49.77762572699282,
  "long_win_rate": 34.514078110808356,
  "short_win_rate": 33.44788087056128,
  "initial_capital": 1000000,
  "commission": 1.0,
  "spread": 0.0,
  "pip_size": 0.0001
}