{
  "total_return": 202849.28904089093,
  "return_pct": 20.284928904089092,
  "cagr": 0.8867665958690374,
  "total_trades": 2399,
  "win_rate": 52.14672780325136,
  "avg_trade": 84.55576867065066,
  "avg_win": 1293.9311250834987,
  "avg_loss": -1233.326261706068,
  "avg_win_pips": 7.921909900650856,
  "avg_loss_pips": -7.403965281234444,
  "profit_factor": 1.143269459554838,
  "sharpe_ratio": 0.8671545145682261,
  "sortino_ratio": 2.463953588989837,
  "max_drawdown": -48956.15848625009,
  "max_drawdown_pct": -4.895615848625009,
  "max_consecutive_wins": 13,
  "max_consecutive_losses": 11,
  "duration_sec": 69.33835315704346,
  "long_trades_pct": 54.481033764068364,
  "short_trades_pct": 45.51896623593164,
  "long_win_rate": 52.86916602907421,
  "short_win_rate": 51.28205128205128,
  "initial_capital": 1000000,
  "commission": 1.0,
  "spread": 0.0,
  "pip_size": 0.0001
}