{
  "total_return": -3035952.185567151,
  "return_pct": -303.5952185567151,
  "cagr": 0.0,
  "total_trades": 4,
  "win_rate": 0.0,
  "avg_trade": -758988.0463917877,
  "avg_win": 0,
  "avg_loss": -758988.0463917877,
  "avg_win_pips": 0,
  "avg_loss_pips": -4756.467266440012,
  "profit_factor": 0.0,
  "sharpe_ratio": -22.236136647970856,
  "sortino_ratio": -22.236136647970856,
  "max_drawdown": -2921236.8998528654,
  "max_drawdown_pct": -292.12368998528655,
  "max_consecutive_wins": 0,
  "max_consecutive_losses": 4,
  "duration_sec": 0.09538507461547852,
  "long_trades_pct": 25.0,
  "short_trades_pct": 75.0,
  "long_win_rate": 0.0,
  "short_win_rate": 0.0,
  "initial_capital": 1000000,
  "commission": 1.0,
  "spread": 0.0,
  "pip_size": 0.0001
}