{
  "total_return": 28227.190165210926,
  "return_pct": 2.8227190165210927,
  "cagr": 0.17544945448426663,
  "total_trades": 1839,
  "win_rate": 50.13594344752583,
  "avg_trade": 15.34920618010382,
  "avg_win": 1492.890179291368,
  "avg_loss": -1470.2481517354747,
  "avg_win_pips": 7.814636659435999,
  "avg_loss_pips": -7.709182115594353,
  "profit_factor": 1.0209366730596012,
  "sharpe_ratio": 0.13147828148456794,
  "sortino_ratio": 0.3217147716624397,
  "max_drawdown": -81698.95006697523,
  "max_drawdown_pct": -8.169895006697523,
  "max_consecutive_wins": 9,
  "max_consecutive_losses": 10,
  "duration_sec": 49.59052491188049,
  "long_trades_pct": 48.12398042414356,
  "short_trades_pct": 51.876019575856446,
  "long_win_rate": 53.78531073446327,
  "short_win_rate": 46.75052410901468,
  "initial_capital": 1000000,
  "commission": 1.0,
  "spread": 0.0,
  "pip_size": 0.0001
}