{
  "total_return": -44849.50000000367,
  "return_pct": -4.484950000000366,
  "cagr": -0.28854828880656713,
  "total_trades": 1405,
  "win_rate": 39.430604982206404,
  "avg_trade": -31.92135231316987,
  "avg_win": 6620.295126353788,
  "avg_loss": -4362.506462984726,
  "avg_win_pips": 33.106475631768944,
  "avg_loss_pips": -21.807532314923627,
  "profit_factor": 0.9879193038209086,
  "sharpe_ratio": -0.05145943786034054,
  "sortino_ratio": -0.15643273476810296,
  "max_drawdown": -130786.35714285714,
  "max_drawdown_pct": -13.078635714285713,
  "max_consecutive_wins": 6,
  "max_consecutive_losses": 11,
  "duration_sec": 7.017599105834961,
  "long_trades_pct": 50.177935943060504,
  "short_trades_pct": 49.8220640569395,
  "long_win_rate": 38.297872340425535,
  "short_win_rate": 40.57142857142857,
  "initial_capital": 1000000,
  "commission": 1.0,
  "spread": 0.0,
  "pip_size": 0.0001
}