{
  "total_return": -235119.00000000148,
  "return_pct": -23.51190000000015,
  "cagr": -1.6737617065127663,
  "total_trades": 6755,
  "win_rate": 32.24278312361214,
  "avg_trade": -34.80666173205055,
  "avg_win": 7101.0005247278,
  "avg_loss": -3430.434376853212,
  "avg_win_pips": 35.510002623639,
  "avg_loss_pips": -17.14717188426606,
  "profit_factor": 0.9850253149263344,
  "sharpe_ratio": -0.10219865011899953,
  "sortino_ratio": -0.3627721748367723,
  "max_drawdown": -410105.2857142865,
  "max_drawdown_pct": -41.01052857142865,
  "max_consecutive_wins": 8,
  "max_consecutive_losses": 22,
  "duration_sec": 1.5338189601898193,
  "long_trades_pct": 49.829755736491485,
  "short_trades_pct": 50.170244263508515,
  "long_win_rate": 32.323232323232325,
  "short_win_rate": 32.16287990557687,
  "initial_capital": 1000000,
  "commission": 1.0,
  "spread": 0.0,
  "pip_size": 0.0001
}