{
  "total_return": -2657902.142857124,
  "return_pct": -265.7902142857124,
  "cagr": 0.0,
  "total_trades": 45,
  "win_rate": 35.55555555555556,
  "avg_trade": -59064.49206349165,
  "avg_win": 710918.6428571476,
  "avg_loss": -483882.77339901676,
  "avg_win_pips": 7109.196428571475,
  "avg_loss_pips": -4838.817733990168,
  "profit_factor": 0.8105909053431447,
  "sharpe_ratio": -1.3146634442717466,
  "sortino_ratio": -2.993783291656805,
  "max_drawdown": -5090539.000000047,
  "max_drawdown_pct": -509.05390000000466,
  "max_consecutive_wins": 3,
  "max_consecutive_losses": 8,
  "duration_sec": 0.29817700386047363,
  "long_trades_pct": 53.333333333333336,
  "short_trades_pct": 46.666666666666664,
  "long_win_rate": 37.5,
  "short_win_rate": 33.33333333333333,
  "initial_capital": 1000000,
  "commission": 1.0,
  "spread": 0.0,
  "pip_size": 0.0001
}