{
  "total_return": -5935777.769785275,
  "return_pct": -593.5777769785275,
  "cagr": 0.0,
  "total_trades": 71,
  "win_rate": 38.028169014084504,
  "avg_trade": -83602.5037997926,
  "avg_win": 311897.5334997558,
  "avg_loss": -326295.70850633364,
  "avg_win_pips": 2473.3671957671972,
  "avg_loss_pips": -2612.7775974025917,
  "profit_factor": 0.5865589503461888,
  "sharpe_ratio": -3.6230093279399527,
  "sortino_ratio": -13.441162409544022,
  "max_drawdown": -8292671.550308768,
  "max_drawdown_pct": -829.2671550308768,
  "max_consecutive_wins": 4,
  "max_consecutive_losses": 7,
  "duration_sec": 0.9825589656829834,
  "long_trades_pct": 66.19718309859155,
  "short_trades_pct": 33.80281690140845,
  "long_win_rate": 36.17021276595745,
  "short_win_rate": 41.66666666666667,
  "initial_capital": 1000000,
  "commission": 1.0,
  "spread": 0.0,
  "pip_size": 0.0001
}