{
  "total_return": 286536.7857142793,
  "return_pct": 28.653678571427925,
  "cagr": 1.5993125146862353,
  "total_trades": 5261,
  "win_rate": 42.69150351644174,
  "avg_trade": 54.46431965677234,
  "avg_win": 2248.290452868588,
  "avg_loss": -1579.808813077469,
  "avg_win_pips": 11.24645226434294,
  "avg_loss_pips": -7.894044065387346,
  "profit_factor": 1.0601573277319658,
  "sharpe_ratio": 0.4127643148987587,
  "sortino_ratio": 1.1506446221207072,
  "max_drawdown": -143276.57142857075,
  "max_drawdown_pct": -14.327657142857076,
  "max_consecutive_wins": 11,
  "max_consecutive_losses": 15,
  "duration_sec": 29.801498889923096,
  "long_trades_pct": 51.72020528416651,
  "short_trades_pct": 48.27979471583349,
  "long_win_rate": 42.41087835354649,
  "short_win_rate": 42.99212598425196,
  "initial_capital": 1000000,
  "commission": 1.0,
  "spread": 0.0,
  "pip_size": 0.0001
}