{
  "total_return": 995156.8571428399,
  "return_pct": 99.51568571428399,
  "cagr": 4.445755533668572,
  "total_trades": 26727,
  "win_rate": 33.45680398099301,
  "avg_trade": 37.23413990132974,
  "avg_win": 3664.2390804230454,
  "avg_loss": -1786.3631712116974,
  "avg_win_pips": 18.32619540211523,
  "avg_loss_pips": -8.926815856058486,
  "profit_factor": 1.0313233291313022,
  "sharpe_ratio": 0.19965169034405633,
  "sortino_ratio": 0.5971298179170702,
  "max_drawdown": -272235.4285714247,
  "max_drawdown_pct": -27.22354285714247,
  "max_consecutive_wins": 9,
  "max_consecutive_losses": 29,
  "duration_sec": 5.106383800506592,
  "long_trades_pct": 50.26377820181839,
  "short_trades_pct": 49.73622179818161,
  "long_win_rate": 33.966056275122824,
  "short_win_rate": 32.94215000376138,
  "initial_capital": 1000000,
  "commission": 1.0,
  "spread": 0.0,
  "pip_size": 0.0001
}