{
  "total_return": -268611.2232088877,
  "return_pct": -26.861122320888768,
  "cagr": -15.26024703922837,
  "total_trades": 9,
  "win_rate": 22.22222222222222,
  "avg_trade": -29845.691467654186,
  "avg_win": 1587309.1001407122,
  "avg_loss": -491889.91764147306,
  "avg_win_pips": 15873.101001407122,
  "avg_loss_pips": -4918.889176414731,
  "profit_factor": 0.9219885781132171,
  "sharpe_ratio": -0.4991446299678361,
  "sortino_ratio": -1.7625146777806622,
  "max_drawdown": -1950305.1922903114,
  "max_drawdown_pct": -195.03051922903114,
  "max_consecutive_wins": 2,
  "max_consecutive_losses": 4,
  "duration_sec": 0.08954811096191406,
  "long_trades_pct": 44.44444444444444,
  "short_trades_pct": 55.55555555555556,
  "long_win_rate": 0.0,
  "short_win_rate": 40.0,
  "initial_capital": 1000000,
  "commission": 1.0,
  "spread": 0.0,
  "pip_size": 0.0001
}