{
  "total_return": 96344.07486028428,
  "return_pct": 9.634407486028428,
  "cagr": 0.44064984144209784,
  "total_trades": 53,
  "win_rate": 43.39622641509434,
  "avg_trade": 1817.8127332129109,
  "avg_win": 9788.655254365121,
  "avg_loss": -4293.166533003786,
  "avg_win_pips": 97.89655254365125,
  "avg_loss_pips": -42.921665330037854,
  "profit_factor": 1.748042065762242,
  "sharpe_ratio": 3.583315002009657,
  "sortino_ratio": 14.338165718756835,
  "max_drawdown": -27299.237916358325,
  "max_drawdown_pct": -2.7299237916358323,
  "max_consecutive_wins": 3,
  "max_consecutive_losses": 5,
  "duration_sec": 1.078942060470581,
  "long_trades_pct": 50.943396226415096,
  "short_trades_pct": 49.056603773584904,
  "long_win_rate": 37.03703703703704,
  "short_win_rate": 50.0,
  "initial_capital": 1000000,
  "commission": 1.0,
  "spread": 0.0,
  "pip_size": 0.0001
}