{
  "total_return": -335142.1428571387,
  "return_pct": -33.51421428571387,
  "cagr": -1.9322524821568154,
  "total_trades": 1685,
  "win_rate": 32.759643916913944,
  "avg_trade": -198.8974141585393,
  "avg_win": 15107.737060041416,
  "avg_loss": -7656.322153574581,
  "avg_win_pips": 75.54368530020709,
  "avg_loss_pips": -38.2766107678729,
  "profit_factor": 0.9613651764226095,
  "sharpe_ratio": -0.2616876090459005,
  "sortino_ratio": -0.766703040469015,
  "max_drawdown": -634057.2857142834,
  "max_drawdown_pct": -63.405728571428334,
  "max_consecutive_wins": 7,
  "max_consecutive_losses": 15,
  "duration_sec": 2.2308571338653564,
  "long_trades_pct": 47.002967359050444,
  "short_trades_pct": 52.99703264094956,
  "long_win_rate": 33.71212121212121,
  "short_win_rate": 31.914893617021278,
  "initial_capital": 1000000,
  "commission": 1.0,
  "spread": 0.0,
  "pip_size": 0.0001
}