{
  "total_return": 524041.0060902331,
  "return_pct": 52.40410060902331,
  "cagr": 2.6890311569008896,
  "total_trades": 484,
  "win_rate": 46.28099173553719,
  "avg_trade": 1082.7293514261014,
  "avg_win": 16325.127716356863,
  "avg_loss": -12049.18308605271,
  "avg_win_pips": 54.558290816326405,
  "avg_loss_pips": -40.36170329670323,
  "profit_factor": 1.1672762640190382,
  "sharpe_ratio": 0.37798169847439583,
  "sortino_ratio": 0.940679135723333,
  "max_drawdown": -248649.68822736543,
  "max_drawdown_pct": -24.864968822736543,
  "max_consecutive_wins": 8,
  "max_consecutive_losses": 8,
  "duration_sec": 129.56712198257446,
  "long_trades_pct": 54.958677685950406,
  "short_trades_pct": 45.04132231404959,
  "long_win_rate": 43.609022556390975,
  "short_win_rate": 49.54128440366973,
  "initial_capital": 1000000,
  "commission": 1.0,
  "spread": 0.0,
  "pip_size": 0.0001
}