{
  "total_return": -263535.78256183816,
  "return_pct": -26.35357825618382,
  "cagr": -1.9030352038962084,
  "total_trades": 68,
  "win_rate": 33.82352941176471,
  "avg_trade": -3875.5262141446788,
  "avg_win": 24739.043918670955,
  "avg_loss": -18500.750948694895,
  "avg_win_pips": 83.82826086956541,
  "avg_loss_pips": -62.16952380952394,
  "profit_factor": 0.68345335063226,
  "sharpe_ratio": -0.3602978339110268,
  "sortino_ratio": -0.9309020163131433,
  "max_drawdown": -286085.4968475533,
  "max_drawdown_pct": -28.60854968475533,
  "max_consecutive_wins": 4,
  "max_consecutive_losses": 8,
  "duration_sec": 44.214016914367676,
  "long_trades_pct": 42.64705882352941,
  "short_trades_pct": 57.35294117647059,
  "long_win_rate": 34.48275862068966,
  "short_win_rate": 33.33333333333333,
  "initial_capital": 1000000,
  "commission": 1.0,
  "spread": 0.0,
  "pip_size": 0.0001
}