{
  "total_return": -115513.0000000003,
  "return_pct": -11.551300000000031,
  "cagr": -0.5850312473480002,
  "total_trades": 753,
  "win_rate": 34.79415670650731,
  "avg_trade": -153.40371845949576,
  "avg_win": 4914.264449291173,
  "avg_loss": -2857.536223450688,
  "avg_win_pips": 49.152644492911726,
  "avg_loss_pips": -28.565362234506875,
  "profit_factor": 0.9176700926715586,
  "sharpe_ratio": -0.4612538039599111,
  "sortino_ratio": -1.0817808389601276,
  "max_drawdown": -182053.14285714345,
  "max_drawdown_pct": -18.205314285714344,
  "max_consecutive_wins": 7,
  "max_consecutive_losses": 10,
  "duration_sec": 3.1896820068359375,
  "long_trades_pct": 48.07436918990704,
  "short_trades_pct": 51.92563081009296,
  "long_win_rate": 37.01657458563536,
  "short_win_rate": 32.73657289002558,
  "initial_capital": 1000000,
  "commission": 1.0,
  "spread": 0.0,
  "pip_size": 0.0001
}