{
  "total_return": -45433.23392341996,
  "return_pct": -4.543323392341996,
  "cagr": -0.29233657666781765,
  "total_trades": 60,
  "win_rate": 31.666666666666664,
  "avg_trade": -757.2205653903327,
  "avg_win": 5381.888059639081,
  "avg_loss": -3602.173342842988,
  "avg_win_pips": 35.836772294668066,
  "avg_loss_pips": -25.7620428175991,
  "profit_factor": 0.6923724787230261,
  "sharpe_ratio": -2.0838717189684832,
  "sortino_ratio": -4.717820427076599,
  "max_drawdown": -48212.84574904648,
  "max_drawdown_pct": -4.821284574904648,
  "max_consecutive_wins": 3,
  "max_consecutive_losses": 8,
  "duration_sec": 0.8488309383392334,
  "long_trades_pct": 61.66666666666667,
  "short_trades_pct": 38.333333333333336,
  "long_win_rate": 35.13513513513514,
  "short_win_rate": 26.08695652173913,
  "initial_capital": 1000000,
  "commission": 1.0,
  "spread": 0.0,
  "pip_size": 0.0001
}