{
  "total_return": -99752.89474481718,
  "return_pct": -9.97528947448172,
  "cagr": -0.5010655269863995,
  "total_trades": 798,
  "win_rate": 48.24561403508772,
  "avg_trade": -125.0036274997709,
  "avg_win": 2190.9220139989025,
  "avg_loss": -2283.9173611002293,
  "avg_win_pips": 17.01419332096472,
  "avg_loss_pips": -17.361319612590847,
  "profit_factor": 0.8942464219984675,
  "sharpe_ratio": -0.7442371011970397,
  "sortino_ratio": -2.523976946956208,
  "max_drawdown": -122306.03632597804,
  "max_drawdown_pct": -12.230603632597804,
  "max_consecutive_wins": 8,
  "max_consecutive_losses": 10,
  "duration_sec": 17.090216159820557,
  "long_trades_pct": 53.88471177944862,
  "short_trades_pct": 46.11528822055138,
  "long_win_rate": 48.13953488372093,
  "short_win_rate": 48.369565217391305,
  "initial_capital": 1000000,
  "commission": 1.0,
  "spread": 0.0,
  "pip_size": 0.0001
}