{
  "total_return": -70127.250155557,
  "return_pct": -7.0127250155557,
  "cagr": -0.3469484388512356,
  "total_trades": 1030,
  "win_rate": 33.88349514563107,
  "avg_trade": -68.08470888889029,
  "avg_win": 2332.061432578368,
  "avg_loss": -1298.115550844945,
  "avg_win_pips": 23.33061432578368,
  "avg_loss_pips": -12.971155508449451,
  "profit_factor": 0.9206720292287596,
  "sharpe_ratio": -0.5241404721161247,
  "sortino_ratio": -1.394711516123996,
  "max_drawdown": -96656.41130582632,
  "max_drawdown_pct": -9.665641130582632,
  "max_consecutive_wins": 6,
  "max_consecutive_losses": 17,
  "duration_sec": 16.63293480873108,
  "long_trades_pct": 51.6504854368932,
  "short_trades_pct": 48.349514563106794,
  "long_win_rate": 33.83458646616541,
  "short_win_rate": 33.93574297188755,
  "initial_capital": 1000000,
  "commission": 1.0,
  "spread": 0.0,
  "pip_size": 0.0001
}