{
  "total_return": 2637538.2970877066,
  "return_pct": 263.75382970877064,
  "cagr": 98.28649222075101,
  "total_trades": 197,
  "win_rate": 51.26903553299492,
  "avg_trade": 13388.519274556886,
  "avg_win": 217213.77772882345,
  "avg_loss": -201052.63805753607,
  "avg_win_pips": 1191.5886845827342,
  "avg_loss_pips": -1069.3623511904555,
  "profit_factor": 1.136652557891172,
  "sharpe_ratio": 0.8187764341291818,
  "sortino_ratio": 2.356268590819792,
  "max_drawdown": -3152718.914697485,
  "max_drawdown_pct": -315.2718914697485,
  "max_consecutive_wins": 5,
  "max_consecutive_losses": 6,
  "duration_sec": 6.127557039260864,
  "long_trades_pct": 59.89847715736041,
  "short_trades_pct": 40.10152284263959,
  "long_win_rate": 51.69491525423729,
  "short_win_rate": 50.63291139240506,
  "initial_capital": 1000000,
  "commission": 1.0,
  "spread": 0.0,
  "pip_size": 0.0001
}