{
  "total_return": -5489282.857142721,
  "return_pct": -548.9282857142722,
  "cagr": 0.0,
  "total_trades": 140,
  "win_rate": 32.142857142857146,
  "avg_trade": -39209.16326530515,
  "avg_win": 2065256.142857149,
  "avg_loss": -1036061.1503759414,
  "avg_win_pips": 10326.285714285747,
  "avg_loss_pips": -5180.300751879708,
  "profit_factor": 0.9442292331962624,
  "sharpe_ratio": -0.3883027850134246,
  "sortino_ratio": -1.3841346346784682,
  "max_drawdown": -23864614.428571478,
  "max_drawdown_pct": -2386.4614428571476,
  "max_consecutive_wins": 3,
  "max_consecutive_losses": 11,
  "duration_sec": 0.2036440372467041,
  "long_trades_pct": 55.00000000000001,
  "short_trades_pct": 45.0,
  "long_win_rate": 38.961038961038966,
  "short_win_rate": 23.809523809523807,
  "initial_capital": 1000000,
  "commission": 1.0,
  "spread": 0.0,
  "pip_size": 0.0001
}