{
  "total_return": -995128.7142856983,
  "return_pct": -99.51287142856982,
  "cagr": -22.47062598028927,
  "total_trades": 9104,
  "win_rate": 31.45869947275923,
  "avg_trade": -109.30675684157494,
  "avg_win": 9511.369064245819,
  "avg_loss": -4524.950274725275,
  "avg_win_pips": 47.56184532122909,
  "avg_loss_pips": -22.619751373626375,
  "profit_factor": 0.9647563518243999,
  "sharpe_ratio": -0.2359554765573066,
  "sortino_ratio": -0.7370441394490396,
  "max_drawdown": -1416893.999999989,
  "max_drawdown_pct": -141.6893999999989,
  "max_consecutive_wins": 6,
  "max_consecutive_losses": 20,
  "duration_sec": 1.7170867919921875,
  "long_trades_pct": 49.91212653778559,
  "short_trades_pct": 50.08787346221442,
  "long_win_rate": 31.82218309859155,
  "short_win_rate": 31.096491228070178,
  "initial_capital": 1000000,
  "commission": 1.0,
  "spread": 0.0,
  "pip_size": 0.0001
}