{
  "total_return": 701755.1428573262,
  "return_pct": 70.17551428573262,
  "cagr": 32.5568751304876,
  "total_trades": 252,
  "win_rate": 39.682539682539684,
  "avg_trade": 2784.742630386215,
  "avg_win": 199836.71428571484,
  "avg_loss": -126854.71240601424,
  "avg_win_pips": 1998.3771428571488,
  "avg_loss_pips": -1268.537124060142,
  "profit_factor": 1.0363944709881998,
  "sharpe_ratio": 0.18879327379855176,
  "sortino_ratio": 0.6359853473225977,
  "max_drawdown": -3222079.9999998733,
  "max_drawdown_pct": -322.20799999998735,
  "max_consecutive_wins": 5,
  "max_consecutive_losses": 7,
  "duration_sec": 5.147233009338379,
  "long_trades_pct": 60.71428571428571,
  "short_trades_pct": 39.285714285714285,
  "long_win_rate": 39.869281045751634,
  "short_win_rate": 39.39393939393939,
  "initial_capital": 1000000,
  "commission": 1.0,
  "spread": 0.0,
  "pip_size": 0.0001
}