{
  "total_return": -175988.57142857168,
  "return_pct": -17.59885714285717,
  "cagr": -1.2113886794195006,
  "total_trades": 140,
  "win_rate": 27.857142857142858,
  "avg_trade": -1257.0612244897977,
  "avg_win": 8980.355311355312,
  "avg_loss": -5210.123055162662,
  "avg_win_pips": 89.81355311355313,
  "avg_loss_pips": -52.09123055162662,
  "profit_factor": 0.6655623898313502,
  "sharpe_ratio": -2.094443899812526,
  "sortino_ratio": -5.881941160922155,
  "max_drawdown": -230817.5714285724,
  "max_drawdown_pct": -23.08175714285724,
  "max_consecutive_wins": 4,
  "max_consecutive_losses": 14,
  "duration_sec": 0.6375577449798584,
  "long_trades_pct": 49.28571428571429,
  "short_trades_pct": 50.71428571428571,
  "long_win_rate": 24.637681159420293,
  "short_win_rate": 30.985915492957744,
  "initial_capital": 1000000,
  "commission": 1.0,
  "spread": 0.0,
  "pip_size": 0.0001
}