{
  "total_return": 135877.35714287165,
  "return_pct": 13.587735714287167,
  "cagr": 0.8055514810211051,
  "total_trades": 8533,
  "win_rate": 33.985702566506504,
  "avg_trade": 15.92374981165729,
  "avg_win": 2559.288669950741,
  "avg_loss": -1293.4599300043096,
  "avg_win_pips": 25.60288669950741,
  "avg_loss_pips": -12.9245993000431,
  "profit_factor": 1.018648948970922,
  "sharpe_ratio": 0.12126719796151654,
  "sortino_ratio": 0.36358524710285683,
  "max_drawdown": -174540.21428571182,
  "max_drawdown_pct": -17.45402142857118,
  "max_consecutive_wins": 7,
  "max_consecutive_losses": 22,
  "duration_sec": 6.644741058349609,
  "long_trades_pct": 48.939411695769365,
  "short_trades_pct": 51.060588304230635,
  "long_win_rate": 33.81226053639847,
  "short_win_rate": 34.15193940784943,
  "initial_capital": 1000000,
  "commission": 1.0,
  "spread": 0.0,
  "pip_size": 0.0001
}