{"policy_loss": [-0.008689872339800786, -0.008625449956070952, -0.009074632907868363, -0.009196889380291395, -0.009004489423887208, -0.008627412510577415, -0.007802026773333637, -0.007104914445108079, -0.006354670873406576, -0.00599746515786137, -0.005798241381853586, -0.0049281803495659915, -0.005137168692272098, -0.004701531455339136, -0.004138379878668275, -0.004020370780153826, -0.0035941706011044516, -0.0034383621884899185, -0.0035934326717779186, -0.003128114407445537, -0.0029044376412912243, -0.002629676919468693, -0.002179673285127137, -0.0018961353466693254, -0.0013670210747704914, -0.001470358932238014, -0.0011384254621589207, -0.001141223945865022], "value_loss": [424.22801780700684, 385.73151981830597, 342.63625264167786, 305.16270726919174, 273.48900067806244, 247.56472501158714, 218.54091903567314, 203.42697513103485, 181.00435441732407, 166.8823113143444, 145.37448850274086, 131.22124926745892, 122.46649651229382, 110.51838667690754, 101.80519583821297, 90.20018790662289, 83.42588184773922, 77.01227729022503, 68.77289026975632, 59.55693348497152, 50.40884722024202, 40.94632027298212, 35.356146816164255, 27.465383991599083, 21.905617840588093, 18.13279915228486, 16.46201174892485, 11.491680273786187], "entropy": [1.1285818782635033, 1.148347303736955, 1.1574568839278072, 1.1519379732199013, 1.1394252618774772, 1.1170235716272146, 1.0950560397468507, 1.0693112006410956, 1.04718300094828, 1.0249509788118303, 0.9980903787072748, 0.9683003515237942, 0.938393825199455, 0.9011081173084676, 0.8689830274088308, 0.827322447556071, 0.7932270881719887, 0.7616859389236197, 0.7348878704942763, 0.7108331185299903, 0.7029834488639608, 0.7104529538191855, 0.7281753551214933, 0.7601161591010168, 0.8039997826563194, 0.8330381996929646, 0.8444109244737774, 0.9038505805656314], "clip_fraction": [0.04472923278808594, 0.034906625747680664, 0.03899741172790527, 0.04257535934448242, 0.043108463287353516, 0.03924107551574707, 0.03264927864074707, 0.031235218048095703, 0.025308847427368164, 0.02239847183227539, 0.024956464767456055, 0.018253803253173828, 0.02679443359375, 0.024081707000732422, 0.01920485496520996, 0.01798868179321289, 0.01618790626525879, 0.01614069938659668, 0.015730857849121094, 0.015334606170654297, 0.012670755386352539, 0.011954784393310547, 0.0087738037109375, 0.00727391242980957, 0.004946231842041016, 0.005115985870361328, 0.0036928653717041016, 0.003818511962890625], "approx_kl": [0.0073006569161293555, 0.004970427889329224, 0.004140592897702972, 0.004879186825128565, 0.004779388774123216, 0.004749875922518866, 0.004368666989808659, 0.005441920822805384, 0.0032282443299749474, 0.0034680334947836612, 0.005715503235933308, 0.0035626432125681895, 0.0068075584325413595, 0.007000662979032268, 0.003432176814790505, 0.005600293680799994, 0.004146712512612938, 0.004054791690295592, 0.0038171690523328096, 0.003236336376520706, 0.0026420943691079445, 0.0024448555453489484, 0.0017335760981911884, 0.002454714951596825, 0.0025022273348689885, 0.00161228292540378, 0.0018243665847977333, 0.002183234314590951], "diversity_loss": [0.0, 0.0, 0.0, 0.0, 0.0, 0.0, 2.9627742481608266e-08, 1.803709125902664e-05, 0.00029476009537177106, 0.0012684114947205671, 0.003363775500019983, 0.005580314175858803, 0.00795478483360057, 0.009989465443140944, 0.012037339340167819, 0.0141104535505292, 0.01598367020051228, 0.017814335034927353, 0.019723342353245243, 0.022063649725168943, 0.024506616497092182, 0.02717294541071169, 0.029282189141667914, 0.03189639818810974, 0.03379455323010916, 0.034965643149917014, 0.03595342022890691, 0.03746812308963854]}