{
  "total_return": -144673.2097564647,
  "return_pct": -14.46732097564647,
  "cagr": -0.9792808932244434,
  "total_trades": 436,
  "win_rate": 32.3394495412844,
  "avg_trade": -331.8192884322585,
  "avg_win": 2508.285306100949,
  "avg_loss": -1689.2930098871138,
  "avg_win_pips": 25.092853061009492,
  "avg_loss_pips": -16.88293009887114,
  "profit_factor": 0.7096905881211348,
  "sharpe_ratio": -2.1242540485599264,
  "sortino_ratio": -5.062694686664942,
  "max_drawdown": -148592.1563300882,
  "max_drawdown_pct": -14.859215633008821,
  "max_consecutive_wins": 5,
  "max_consecutive_losses": 13,
  "duration_sec": 3.126997947692871,
  "long_trades_pct": 47.24770642201835,
  "short_trades_pct": 52.752293577981646,
  "long_win_rate": 35.92233009708738,
  "short_win_rate": 29.130434782608695,
  "initial_capital": 1000000,
  "commission": 1.0,
  "spread": 0.0,
  "pip_size": 0.0001
}