{
  "total_return": -148170.9888042236,
  "return_pct": -14.81709888042236,
  "cagr": -1.0048303746256648,
  "total_trades": 167,
  "win_rate": 44.91017964071856,
  "avg_trade": -887.2514299654108,
  "avg_win": 9904.326210668525,
  "avg_loss": -9684.733202221334,
  "avg_win_pips": 35.30857142857128,
  "avg_loss_pips": -33.091925465838564,
  "profit_factor": 0.8337017455717357,
  "sharpe_ratio": -0.24231373567707631,
  "sortino_ratio": -0.5068327990368918,
  "max_drawdown": -218423.7030899369,
  "max_drawdown_pct": -21.84237030899369,
  "max_consecutive_wins": 5,
  "max_consecutive_losses": 7,
  "duration_sec": 389.0063421726227,
  "long_trades_pct": 58.68263473053892,
  "short_trades_pct": 41.31736526946108,
  "long_win_rate": 48.97959183673469,
  "short_win_rate": 39.130434782608695,
  "initial_capital": 1000000,
  "commission": 1.0,
  "spread": 0.0,
  "pip_size": 0.0001
}