{
  "total_return": 102287.28571428594,
  "return_pct": 10.228728571428594,
  "cagr": 0.4666098858243206,
  "total_trades": 712,
  "win_rate": 37.92134831460674,
  "avg_trade": 143.66191813804207,
  "avg_win": 5587.640211640226,
  "avg_loss": -3181.845184227546,
  "avg_win_pips": 55.886402116402266,
  "avg_loss_pips": -31.80845184227546,
  "profit_factor": 1.0727311308531786,
  "sharpe_ratio": 0.3779741400084521,
  "sortino_ratio": 0.9240064079117033,
  "max_drawdown": -150537.57142857055,
  "max_drawdown_pct": -15.053757142857055,
  "max_consecutive_wins": 6,
  "max_consecutive_losses": 9,
  "duration_sec": 3.2539048194885254,
  "long_trades_pct": 48.174157303370784,
  "short_trades_pct": 51.82584269662921,
  "long_win_rate": 38.775510204081634,
  "short_win_rate": 37.12737127371274,
  "initial_capital": 1000000,
  "commission": 1.0,
  "spread": 0.0,
  "pip_size": 0.0001
}