{
  "total_return": -728533.4285714311,
  "return_pct": -72.8533428571431,
  "cagr": -7.883214210697509,
  "total_trades": 6805,
  "win_rate": 31.373989713445994,
  "avg_trade": -107.05854938595607,
  "avg_win": 7362.153228504517,
  "avg_loss": -3521.7838482716434,
  "avg_win_pips": 36.815766142522584,
  "avg_loss_pips": -17.603919241358216,
  "profit_factor": 0.955703449666948,
  "sharpe_ratio": -0.3121172882478714,
  "sortino_ratio": -1.2381395522076735,
  "max_drawdown": -933823.8571428646,
  "max_drawdown_pct": -93.38238571428647,
  "max_consecutive_wins": 8,
  "max_consecutive_losses": 16,
  "duration_sec": 1.3295938968658447,
  "long_trades_pct": 50.03673769287289,
  "short_trades_pct": 49.96326230712711,
  "long_win_rate": 30.7488986784141,
  "short_win_rate": 32.0,
  "initial_capital": 1000000,
  "commission": 1.0,
  "spread": 0.0,
  "pip_size": 0.0001
}