{
  "total_return": 74218.14285714432,
  "return_pct": 7.421814285714433,
  "cagr": 0.4518691633935257,
  "total_trades": 2389,
  "win_rate": 33.77982419422352,
  "avg_trade": 31.066614841835214,
  "avg_win": 2458.2308373163373,
  "avg_loss": -1207.0633014267635,
  "avg_win_pips": 24.592308373163373,
  "avg_loss_pips": -12.060633014267633,
  "profit_factor": 1.0388663321268572,
  "sharpe_ratio": 0.20088482290318171,
  "sortino_ratio": 0.5726072315079891,
  "max_drawdown": -123825.42857142792,
  "max_drawdown_pct": -12.382542857142791,
  "max_consecutive_wins": 7,
  "max_consecutive_losses": 13,
  "duration_sec": 10.103832244873047,
  "long_trades_pct": 52.15571368773545,
  "short_trades_pct": 47.84428631226454,
  "long_win_rate": 34.75120385232745,
  "short_win_rate": 32.72090988626422,
  "initial_capital": 1000000,
  "commission": 1.0,
  "spread": 0.0,
  "pip_size": 0.0001
}