{
  "total_return": 13126.499999991021,
  "return_pct": 1.3126499999991021,
  "cagr": 0.08215889764804363,
  "total_trades": 1828,
  "win_rate": 39.93435448577681,
  "avg_trade": 7.1807986870848035,
  "avg_win": 6684.951761252438,
  "avg_loss": -4432.502992453815,
  "avg_win_pips": 33.42975880626219,
  "avg_loss_pips": -22.157514962269076,
  "profit_factor": 1.0026971032062768,
  "sharpe_ratio": 0.013093419529061236,
  "sortino_ratio": 0.04164934151264528,
  "max_drawdown": -204404.21428571956,
  "max_drawdown_pct": -20.440421428571955,
  "max_consecutive_wins": 7,
  "max_consecutive_losses": 13,
  "duration_sec": 6.986390829086304,
  "long_trades_pct": 50.054704595185996,
  "short_trades_pct": 49.945295404814004,
  "long_win_rate": 39.89071038251366,
  "short_win_rate": 39.97809419496166,
  "initial_capital": 1000000,
  "commission": 1.0,
  "spread": 0.0,
  "pip_size": 0.0001
}