{
  "total_return": 177796.66045612504,
  "return_pct": 17.779666045612505,
  "cagr": 1.0358715365054838,
  "total_trades": 2466,
  "win_rate": 52.311435523114355,
  "avg_trade": 72.09921348585767,
  "avg_win": 1315.056178177257,
  "avg_loss": -1291.3484773746059,
  "avg_win_pips": 7.101753488372045,
  "avg_loss_pips": -6.899597303206995,
  "profit_factor": 1.1170773335712272,
  "sharpe_ratio": 0.7247713834310505,
  "sortino_ratio": 2.1121744913518983,
  "max_drawdown": -33020.33061402736,
  "max_drawdown_pct": -3.3020330614027364,
  "max_consecutive_wins": 12,
  "max_consecutive_losses": 11,
  "duration_sec": 32.72119402885437,
  "long_trades_pct": 52.23033252230332,
  "short_trades_pct": 47.76966747769668,
  "long_win_rate": 52.71739130434783,
  "short_win_rate": 51.86757215619694,
  "initial_capital": 1000000,
  "commission": 1.0,
  "spread": 0.0,
  "pip_size": 0.0001
}