{
  "total_return": 153249.510672434,
  "return_pct": 15.3249510672434,
  "cagr": 0.9019513368584198,
  "total_trades": 1743,
  "win_rate": 52.72518646012622,
  "avg_trade": 87.92284031694435,
  "avg_win": 1186.6537000261023,
  "avg_loss": -1137.4820869557695,
  "avg_win_pips": 6.951049588061516,
  "avg_loss_pips": -6.65357836338418,
  "profit_factor": 1.1635035997466536,
  "sharpe_ratio": 0.9971338808556216,
  "sortino_ratio": 2.966965859246709,
  "max_drawdown": -22380.755534884676,
  "max_drawdown_pct": -2.2380755534884678,
  "max_consecutive_wins": 10,
  "max_consecutive_losses": 9,
  "duration_sec": 50.95474982261658,
  "long_trades_pct": 53.12679288582903,
  "short_trades_pct": 46.87320711417097,
  "long_win_rate": 52.69978401727862,
  "short_win_rate": 52.75397796817626,
  "initial_capital": 1000000,
  "commission": 1.0,
  "spread": 0.0,
  "pip_size": 0.0001
}