{
  "total_return": -295523.7142857129,
  "return_pct": -29.552371428571295,
  "cagr": -2.1814619327485962,
  "total_trades": 338,
  "win_rate": 31.65680473372781,
  "avg_trade": -874.3305156382039,
  "avg_win": 35270.40186915891,
  "avg_loss": -17616.695732838594,
  "avg_win_pips": 176.3570093457945,
  "avg_loss_pips": -88.07847866419294,
  "profit_factor": 0.9273800570851917,
  "sharpe_ratio": -0.5347268707570874,
  "sortino_ratio": -2.3789777175968077,
  "max_drawdown": -645833.2857142859,
  "max_drawdown_pct": -64.5833285714286,
  "max_consecutive_wins": 3,
  "max_consecutive_losses": 13,
  "duration_sec": 0.4340088367462158,
  "long_trades_pct": 51.77514792899408,
  "short_trades_pct": 48.22485207100592,
  "long_win_rate": 32.0,
  "short_win_rate": 31.28834355828221,
  "initial_capital": 1000000,
  "commission": 1.0,
  "spread": 0.0,
  "pip_size": 0.0001
}