{
  "total_return": 206137.92857142974,
  "return_pct": 20.613792857142972,
  "cagr": 1.1872759100949093,
  "total_trades": 1293,
  "win_rate": 41.608662026295434,
  "avg_trade": 159.42608551541358,
  "avg_win": 4591.9541954328215,
  "avg_loss": -2999.1171239356663,
  "avg_win_pips": 22.964770977164104,
  "avg_loss_pips": -14.990585619678333,
  "profit_factor": 1.0910369144271668,
  "sharpe_ratio": 0.3532500010086222,
  "sortino_ratio": 1.142939133465455,
  "max_drawdown": -111772.35714285671,
  "max_drawdown_pct": -11.177235714285672,
  "max_consecutive_wins": 6,
  "max_consecutive_losses": 15,
  "duration_sec": 6.930953025817871,
  "long_trades_pct": 47.33178654292343,
  "short_trades_pct": 52.66821345707656,
  "long_win_rate": 40.19607843137255,
  "short_win_rate": 42.87812041116006,
  "initial_capital": 1000000,
  "commission": 1.0,
  "spread": 0.0,
  "pip_size": 0.0001
}