{
  "total_return": -78259.86925840202,
  "return_pct": -7.825986925840202,
  "cagr": -0.388784662503705,
  "total_trades": 973,
  "win_rate": 33.50462487153135,
  "avg_trade": -80.43152030668244,
  "avg_win": 2045.7453490973064,
  "avg_loss": -1151.735476142386,
  "avg_win_pips": 20.46745349097306,
  "avg_loss_pips": -11.507354761423858,
  "profit_factor": 0.8949775626734118,
  "sharpe_ratio": -0.7019751683866546,
  "sortino_ratio": -1.8330647875408475,
  "max_drawdown": -120745.5025479986,
  "max_drawdown_pct": -12.074550254799862,
  "max_consecutive_wins": 6,
  "max_consecutive_losses": 15,
  "duration_sec": 19.840829849243164,
  "long_trades_pct": 54.77903391572456,
  "short_trades_pct": 45.22096608427544,
  "long_win_rate": 36.02251407129456,
  "short_win_rate": 30.454545454545457,
  "initial_capital": 1000000,
  "commission": 1.0,
  "spread": 0.0,
  "pip_size": 0.0001
}