{
  "total_return": 193592.66074617952,
  "return_pct": 19.359266074617953,
  "cagr": 9.820554066019383,
  "total_trades": 8,
  "win_rate": 50.0,
  "avg_trade": 24199.08259327244,
  "avg_win": 2863016.8571428717,
  "avg_loss": -2814618.6919563264,
  "avg_win_pips": 9543.392857142904,
  "avg_loss_pips": -9605.357142857116,
  "profit_factor": 1.0171952830857192,
  "sharpe_ratio": 0.0326545123604071,
  "sortino_ratio": 0.5872359787042333,
  "max_drawdown": -5741144.857142875,
  "max_drawdown_pct": -574.1144857142875,
  "max_consecutive_wins": 3,
  "max_consecutive_losses": 3,
  "duration_sec": 9.265439987182617,
  "long_trades_pct": 62.5,
  "short_trades_pct": 37.5,
  "long_win_rate": 60.0,
  "short_win_rate": 33.33333333333333,
  "initial_capital": 1000000,
  "commission": 1.0,
  "spread": 0.0,
  "pip_size": 0.0001
}