{
  "total_return": 252394.86527696194,
  "return_pct": 25.239486527696194,
  "cagr": 1.427371943160316,
  "total_trades": 2606,
  "win_rate": 50.95932463545664,
  "avg_trade": 96.85144484917956,
  "avg_win": 1602.9469172594027,
  "avg_loss": -1468.1679505817872,
  "avg_win_pips": 7.652270331325267,
  "avg_loss_pips": -7.056870109546169,
  "profit_factor": 1.1345159930636808,
  "sharpe_ratio": 0.814042552687301,
  "sortino_ratio": 2.1239677544898585,
  "max_drawdown": -52332.966350371506,
  "max_drawdown_pct": -5.23329663503715,
  "max_consecutive_wins": 10,
  "max_consecutive_losses": 13,
  "duration_sec": 32.48897981643677,
  "long_trades_pct": 52.072141212586345,
  "short_trades_pct": 47.92785878741366,
  "long_win_rate": 52.68975681650701,
  "short_win_rate": 49.079263410728586,
  "initial_capital": 1000000,
  "commission": 1.0,
  "spread": 0.0,
  "pip_size": 0.0001
}