{
  "total_return": 52093.211080305686,
  "return_pct": 5.209321108030569,
  "cagr": 0.3202500476371384,
  "total_trades": 130,
  "win_rate": 57.692307692307686,
  "avg_trade": 400.71700831004375,
  "avg_win": 2937.5377573170667,
  "avg_loss": -3058.5840130631696,
  "avg_win_pips": 42.04137904761913,
  "avg_loss_pips": -43.09933766233762,
  "profit_factor": 1.309669209125508,
  "sharpe_ratio": 1.6853940110580192,
  "sortino_ratio": 4.966234294559807,
  "max_drawdown": -36703.47873292658,
  "max_drawdown_pct": -3.6703478732926587,
  "max_consecutive_wins": 7,
  "max_consecutive_losses": 7,
  "duration_sec": 2.180417060852051,
  "long_trades_pct": 46.15384615384615,
  "short_trades_pct": 53.84615384615385,
  "long_win_rate": 61.66666666666667,
  "short_win_rate": 54.285714285714285,
  "initial_capital": 1000000,
  "commission": 1.0,
  "spread": 0.0,
  "pip_size": 0.0001
}