{
  "total_return": 7411680.876700602,
  "return_pct": 741.1680876700601,
  "cagr": 209.23971622709257,
  "total_trades": 17,
  "win_rate": 64.70588235294117,
  "avg_trade": 435981.22804121184,
  "avg_win": 781853.6624445212,
  "avg_loss": -198118.23503152243,
  "avg_win_pips": 7818.546624445211,
  "avg_loss_pips": -1981.1723503152243,
  "profit_factor": 7.2350653685170485,
  "sharpe_ratio": 12.08432544560811,
  "sortino_ratio": 45.67709740779435,
  "max_drawdown": -583810.8633844904,
  "max_drawdown_pct": -58.38108633844904,
  "max_consecutive_wins": 5,
  "max_consecutive_losses": 2,
  "duration_sec": 0.3626999855041504,
  "long_trades_pct": 41.17647058823529,
  "short_trades_pct": 58.82352941176471,
  "long_win_rate": 57.14285714285714,
  "short_win_rate": 70.0,
  "initial_capital": 1000000,
  "commission": 1.0,
  "spread": 0.0,
  "pip_size": 0.0001
}