{
  "total_return": 127095.87461865408,
  "return_pct": 12.709587461865407,
  "cagr": 0.7544672553423837,
  "total_trades": 641,
  "win_rate": 45.39781591263651,
  "avg_trade": 198.27749550492055,
  "avg_win": 14501.440925737481,
  "avg_loss": -11693.781242202725,
  "avg_win_pips": 48.517059401080054,
  "avg_loss_pips": -39.026571428571486,
  "profit_factor": 1.0310533490252471,
  "sharpe_ratio": 0.08510296995450976,
  "sortino_ratio": 0.21309377361622023,
  "max_drawdown": -221413.1694931123,
  "max_drawdown_pct": -22.14131694931123,
  "max_consecutive_wins": 8,
  "max_consecutive_losses": 9,
  "duration_sec": 110.85809016227722,
  "long_trades_pct": 49.765990639625585,
  "short_trades_pct": 50.23400936037441,
  "long_win_rate": 44.827586206896555,
  "short_win_rate": 45.962732919254655,
  "initial_capital": 1000000,
  "commission": 1.0,
  "spread": 0.0,
  "pip_size": 0.0001
}