{
  "total_return": -63595.44147457608,
  "return_pct": -6.3595441474576075,
  "cagr": -0.41293349567307347,
  "total_trades": 780,
  "win_rate": 34.23076923076923,
  "avg_trade": -81.53261727509754,
  "avg_win": 2649.615073705828,
  "avg_loss": -1503.0071464990879,
  "avg_win_pips": 26.50615073705828,
  "avg_loss_pips": -15.020071464990881,
  "profit_factor": 0.9175202044372063,
  "sharpe_ratio": -0.5763999350243044,
  "sortino_ratio": -1.6486292452973133,
  "max_drawdown": -105653.66000599126,
  "max_drawdown_pct": -10.565366000599125,
  "max_consecutive_wins": 5,
  "max_consecutive_losses": 13,
  "duration_sec": 12.57883334159851,
  "long_trades_pct": 50.76923076923077,
  "short_trades_pct": 49.23076923076923,
  "long_win_rate": 34.34343434343434,
  "short_win_rate": 34.11458333333333,
  "initial_capital": 1000000,
  "commission": 1.0,
  "spread": 0.0,
  "pip_size": 0.0001
}