{
  "total_return": 313049.42857143166,
  "return_pct": 31.304942857143164,
  "cagr": 1.7299072953767425,
  "total_trades": 5289,
  "win_rate": 42.12516543770089,
  "avg_trade": 59.18877454555335,
  "avg_win": 2633.2891125929705,
  "avg_loss": -1814.4131702991524,
  "avg_win_pips": 13.17144556296485,
  "avg_loss_pips": -9.067065851495762,
  "profit_factor": 1.0563655041918802,
  "sharpe_ratio": 0.3722819693017212,
  "sortino_ratio": 0.9568571045761455,
  "max_drawdown": -133473.78571428562,
  "max_drawdown_pct": -13.347378571428562,
  "max_consecutive_wins": 10,
  "max_consecutive_losses": 13,
  "duration_sec": 28.757640838623047,
  "long_trades_pct": 47.835129514085835,
  "short_trades_pct": 52.164870485914165,
  "long_win_rate": 43.59683794466403,
  "short_win_rate": 40.775643349039505,
  "initial_capital": 1000000,
  "commission": 1.0,
  "spread": 0.0,
  "pip_size": 0.0001
}