{"policy_loss": [-0.032114047986033255, -0.03275051884868508, -0.014415904438417209, -0.010545920480840973, -0.012871918001177686, -0.004014654754428193, -0.011298065524548291, -0.002424464354084598, -0.008210680938282167, -0.0013224061840446666, -0.003859396026070629, -0.004395066575919528, -0.0044370587876226015, -0.004995124000379292, -0.00395967798995116, -0.003837416833448515, -0.003981795943036559, -0.003557211535007809, -0.003124870222382015, -0.0032692847196813092, -0.0037299395455193006, -0.0035979873575342934, -0.0022587765124626458, -0.0016604282197417066, -0.0025439780667719206, -0.0029184847066062503, -0.0037263209467710114, 0.002917771987420948, 0.002055679968393901, -0.0015394337022371473, -0.0014111051039397, 0.0018940438492760314, 0.000672490011784248, 0.0006631575072080725, 0.0022341599115399554, -0.002217998151900247, 0.0010528517514335324, 0.0008703117023733462, 0.0005543349839318844, 0.0004896302774106977, 0.0016389025064806144, 0.0029218203077713647, 0.0006096465396694839, 0.0009429241096252325, 0.0030699547451849165, 0.002461902342440787, 0.00169227859005332, 0.001408298404107914, 0.0020807695585641672, 0.0012869750396074617, 0.000447225081549573, 0.001562437972644232, 0.001172212973636176, 0.0010657923850863251, -0.0002747359915723115, 0.003588686424723648, -0.0007578620881847371, 0.0015648092304206924, -0.0012343678192337393, -0.000518665140170311, 0.0011629858892410994, 0.0022267155179109136, -0.0026300266195116943, -0.0016199507163037197, -0.0005393690361415793, -0.0007976110129675363, -0.0014050876365217847, -7.21924093300449e-05, -0.0007733989947155351, -0.0006674309139270918, -0.001222613344725687, -0.001125419339405198, -0.0011474861266833614, -0.0014251095517465728, -0.001343078761601646, -0.0009164947232420673], "value_loss": [12.335477332770825, 9.443378242606265, 7.34801355161165, 4.92781434740339, 3.0623988663708723, 2.0964206904172897, 1.488253357887268, 0.6848720974392362, 0.4609041238203645, 0.2553408816456795, 0.1711540317961148, 0.1342449915118334, 0.09165789760605718, 0.06833896947064204, 0.053580425185646166, 0.03952985334071855, 0.02916789426744799, 0.0202331126693025, 0.016402054155787483, 0.011653226501766766, 0.007443911021618987, 0.006126851544377132, 0.003562901875637989, 0.0027230313303947106, 0.0024930976544983658, 0.0019642166103039926, 0.0018157223058551607, 0.001545278666430692, 0.0015834945758494239, 0.0020340217064585887, 0.0017342914657591912, 0.00224274221188152, 0.0015497864934150129, 0.001057013526507136, 0.0012336281122502367, 0.0016428854782134295, 0.0018631852460792948, 0.001603763189004716, 0.0013620274462042407, 0.001260950368999095, 0.0014573807808725785, 0.0011053293405677237, 0.0013948295134468935, 0.0014188476352767244, 0.001381255704193161, 0.0015293288014167658, 0.001573831964439402, 0.001242007295260906, 0.001573003704172813, 0.0014601081185152427, 0.0014830020180270174, 0.0011067720756056856, 0.001103016615094503, 0.0009520887929003363, 0.0010814075010319695, 0.0010695590456808977, 0.0008826653030641434, 0.0009995042942866775, 0.0009593420229066397, 0.0008753637660818858, 0.0007399256387725472, 0.0009046302187086369, 0.000796516382743485, 0.0007567412373646221, 0.0007006384737906046, 0.0006594250196485518, 0.0006336757713597763, 0.0005748544030999682, 0.000582352433957567, 0.0005614008764950995, 0.0005585634016370023, 0.0005414984371327591, 0.000513013175850574, 0.000492930067002817, 0.0005027849022553709, 0.0004885358046976762], "entropy": [1.598626928217709, 1.5636937769116006, 1.53984072333888, 1.460533278329032, 1.3701863995304815, 1.3377937376499176, 1.2899717435836793, 1.269402609931098, 1.2560763305053115, 1.2571921050548553, 1.247071189539773, 1.1541905315910899, 1.0933492065403712, 1.0144376306794585, 0.947217030171305, 0.8826272222213447, 0.8303668869659304, 0.7587674030102789, 0.7164145078510046, 0.669424372445792, 0.6222946550697088, 0.5835885319858789, 0.5429194470246633, 0.5327442503590297, 0.46866025713925863, 0.4571911609731615, 0.44530112128704785, 0.46265938878059387, 0.4418419511879192, 0.45121441860683265, 0.4484569532563461, 0.44933509725635334, 0.43261909574270246, 0.4122317371269067, 0.41511022507167256, 0.40748019153252246, 0.40506713383596277, 0.3874111330392314, 0.3900151412573553, 0.3671073715433438, 0.3587604562441508, 0.36637802493004573, 0.37525862976908686, 0.3648661939721358, 0.3678993766124432, 0.35817809946069096, 0.36523109873135884, 0.35701722012343984, 0.3734476078640331, 0.35238179564476013, 0.3592060599377546, 0.3555320196790122, 0.34432520866394045, 0.33779222343438936, 0.34590145044548565, 0.3396008642430001, 0.3340089543701133, 0.3284654941087888, 0.33249908983707427, 0.33643046188890263, 0.346799750328064, 0.3474101060285018, 0.33363062374897906, 0.33099056989885867, 0.3304806789383292, 0.32948200958780943, 0.3184028054587543, 0.31225932042393556, 0.3071437684353441, 0.3055668312124908, 0.3114812563173473, 0.305913708684966, 0.30628897161222995, 0.3023721911944449, 0.29944343944080176, 0.29931228696368634], "clip_fraction": [0.15487289428710938, 0.13998284351736973, 0.07103207236842106, 0.07976422991071429, 0.08280888310185185, 0.0609130859375, 0.08308984375, 0.05495876736111111, 0.06384735107421875, 0.0673828125, 0.05419921875, 0.08814072027439024, 0.07535110651750973, 0.06694717407226562, 0.050077056884765624, 0.047040557861328124, 0.04650726318359375, 0.045598602294921874, 0.04573516845703125, 0.04172821044921875, 0.053326416015625, 0.0570098876953125, 0.04741075303819445, 0.04161023683739255, 0.04223947542587477, 0.04087753295898437, 0.04031219482421875, 0.03704512746710526, 0.02789905024509804, 0.04239501953125, 0.038230822495183045, 0.03139896716101695, 0.033310546875, 0.029886881510416668, 0.026663358094262294, 0.03574295043945312, 0.03259726894475921, 0.031036975337009803, 0.028038763230846774, 0.03581483097752044, 0.019612630208333332, 0.017857142857142856, 0.02718505859375, 0.028565880847953216, 0.01708984375, 0.02490234375, 0.025348307291666667, 0.02708056294326241, 0.022316672585227272, 0.017951516544117647, 0.0272003658234127, 0.021657808230874317, 0.02267817283163265, 0.024411048418209878, 0.026451217296511627, 0.015562666223404254, 0.03320812020460358, 0.021448206018518517, 0.03107147216796875, 0.028965867860486893, 0.01193359375, 0.020451472355769232, 0.027043523015202704, 0.019747161865234376, 0.01748046875, 0.018856048583984375, 0.017217254638671874, 0.01083491747032641, 0.01471710205078125, 0.0132659912109375, 0.011859893798828125, 0.008521270751953126, 0.0104644775390625, 0.00870513916015625, 0.005266571044921875, 0.00298614501953125],