{
  "total_return": -243980.14285714115,
  "return_pct": -24.398014285714115,
  "cagr": -1.7455900854591255,
  "total_trades": 1714,
  "win_rate": 32.147024504084015,
  "avg_trade": -142.3454742457066,
  "avg_win": 21512.203266787677,
  "avg_loss": -10401.723252671667,
  "avg_win_pips": 107.56601633393836,
  "avg_loss_pips": -52.00361626335834,
  "profit_factor": 0.979831691688761,
  "sharpe_ratio": -0.14488523280832527,
  "sortino_ratio": -0.6595514935121918,
  "max_drawdown": -830992.1428571455,
  "max_drawdown_pct": -83.09921428571455,
  "max_consecutive_wins": 7,
  "max_consecutive_losses": 20,
  "duration_sec": 0.34839606285095215,
  "long_trades_pct": 50.64177362893816,
  "short_trades_pct": 49.35822637106184,
  "long_win_rate": 32.02764976958525,
  "short_win_rate": 32.269503546099294,
  "initial_capital": 1000000,
  "commission": 1.0,
  "spread": 0.0,
  "pip_size": 0.0001
}