{
  "total_return": 25329.428571430646,
  "return_pct": 2.5329428571430648,
  "cagr": 0.15764735623904347,
  "total_trades": 2517,
  "win_rate": 33.88955105284068,
  "avg_trade": 10.063340711732478,
  "avg_win": 4282.68698710434,
  "avg_loss": -2180.169814560439,
  "avg_win_pips": 42.83686987104339,
  "avg_loss_pips": -21.791698145604393,
  "profit_factor": 1.006982030601918,
  "sharpe_ratio": 0.04760461516078245,
  "sortino_ratio": 0.15971965448579287,
  "max_drawdown": -203216.928571427,
  "max_drawdown_pct": -20.3216928571427,
  "max_consecutive_wins": 10,
  "max_consecutive_losses": 18,
  "duration_sec": 1.7488951683044434,
  "long_trades_pct": 48.947159316646804,
  "short_trades_pct": 51.052840683353196,
  "long_win_rate": 34.57792207792208,
  "short_win_rate": 33.22957198443579,
  "initial_capital": 1000000,
  "commission": 1.0,
  "spread": 0.0,
  "pip_size": 0.0001
}