{
  "total_return": 561750.571428577,
  "return_pct": 56.175057142857696,
  "cagr": 2.847213177679442,
  "total_trades": 5578,
  "win_rate": 34.869128719971314,
  "avg_trade": 100.70824156123646,
  "avg_win": 5604.255967682703,
  "avg_loss": -2845.7273013251533,
  "avg_win_pips": 28.026279838413522,
  "avg_loss_pips": -14.223636506625768,
  "profit_factor": 1.0543356472255774,
  "sharpe_ratio": 0.3471711802429567,
  "sortino_ratio": 1.0525416889196106,
  "max_drawdown": -238079.9999999985,
  "max_drawdown_pct": -23.807999999999847,
  "max_consecutive_wins": 8,
  "max_consecutive_losses": 18,
  "duration_sec": 6.877341985702515,
  "long_trades_pct": 49.4801003944066,
  "short_trades_pct": 50.5198996055934,
  "long_win_rate": 34.56521739130435,
  "short_win_rate": 35.16678495386799,
  "initial_capital": 1000000,
  "commission": 1.0,
  "spread": 0.0,
  "pip_size": 0.0001
}