{
  "total_return": -81223.26144202362,
  "return_pct": -8.122326144202361,
  "cagr": -0.5320468988220584,
  "total_trades": 383,
  "win_rate": 34.9869451697128,
  "avg_trade": -212.07117869980058,
  "avg_win": 2169.3631302740055,
  "avg_loss": -1493.6462686696402,
  "avg_win_pips": 21.703631302740064,
  "avg_loss_pips": -14.9264626866964,
  "profit_factor": 0.7816097131169493,
  "sharpe_ratio": -1.4880038082012677,
  "sortino_ratio": -3.726679331266366,
  "max_drawdown": -94446.72157519365,
  "max_drawdown_pct": -9.444672157519364,
  "max_consecutive_wins": 5,
  "max_consecutive_losses": 14,
  "duration_sec": 3.079684257507324,
  "long_trades_pct": 51.43603133159269,
  "short_trades_pct": 48.56396866840731,
  "long_win_rate": 35.025380710659896,
  "short_win_rate": 34.946236559139784,
  "initial_capital": 1000000,
  "commission": 1.0,
  "spread": 0.0,
  "pip_size": 0.0001
}