{
  "total_return": -115978.63213360864,
  "return_pct": -11.597863213360863,
  "cagr": -0.5875336210637183,
  "total_trades": 493,
  "win_rate": 36.511156186612574,
  "avg_trade": -235.25077511888162,
  "avg_win": 2831.475330315886,
  "avg_loss": -1998.8632319184278,
  "avg_win_pips": 28.324753303158857,
  "avg_loss_pips": -19.978632319184282,
  "profit_factor": 0.8146252555485636,
  "sharpe_ratio": -1.2563470841909836,
  "sortino_ratio": -2.8576632126150843,
  "max_drawdown": -185461.04724756966,
  "max_drawdown_pct": -18.546104724756965,
  "max_consecutive_wins": 5,
  "max_consecutive_losses": 11,
  "duration_sec": 4.125249624252319,
  "long_trades_pct": 48.88438133874239,
  "short_trades_pct": 51.115618661257614,
  "long_win_rate": 39.83402489626556,
  "short_win_rate": 33.33333333333333,
  "initial_capital": 1000000,
  "commission": 1.0,
  "spread": 0.0,
  "pip_size": 0.0001
}