{
  "total_return": -982206.9999999951,
  "return_pct": -98.22069999999951,
  "cagr": -17.51792556133127,
  "total_trades": 9076,
  "win_rate": 31.787130894667254,
  "avg_trade": -108.22025121198712,
  "avg_win": 8370.377816291164,
  "avg_loss": -4059.2387336456154,
  "avg_win_pips": 41.85688908145582,
  "avg_loss_pips": -20.291193668228075,
  "profit_factor": 0.9609161239815117,
  "sharpe_ratio": -0.2628803262370187,
  "sortino_ratio": -0.823788198611939,
  "max_drawdown": -1188596.428571429,
  "max_drawdown_pct": -118.8596428571429,
  "max_consecutive_wins": 7,
  "max_consecutive_losses": 32,
  "duration_sec": 1.7335662841796875,
  "long_trades_pct": 50.2864698104892,
  "short_trades_pct": 49.7135301895108,
  "long_win_rate": 31.967572304995617,
  "short_win_rate": 31.604609929078016,
  "initial_capital": 1000000,
  "commission": 1.0,
  "spread": 0.0,
  "pip_size": 0.0001
}