{
  "total_return": -20382202.28571459,
  "return_pct": -2038.2202285714588,
  "cagr": 0.0,
  "total_trades": 3288,
  "win_rate": 31.90389294403893,
  "avg_trade": -6198.96663190833,
  "avg_win": 617689.3173090012,
  "avg_loss": -298498.5690678235,
  "avg_win_pips": 3088.451586545006,
  "avg_loss_pips": -1492.4878453391177,
  "profit_factor": 0.9695031656821924,
  "sharpe_ratio": -0.2045179467146036,
  "sortino_ratio": -0.6496137906930306,
  "max_drawdown": -51706537.57142834,
  "max_drawdown_pct": -5170.653757142834,
  "max_consecutive_wins": 6,
  "max_consecutive_losses": 20,
  "duration_sec": 0.6558709144592285,
  "long_trades_pct": 50.334549878345506,
  "short_trades_pct": 49.6654501216545,
  "long_win_rate": 32.205438066465256,
  "short_win_rate": 31.598285364360073,
  "initial_capital": 1000000,
  "commission": 1.0,
  "spread": 0.0,
  "pip_size": 0.0001
}