{
  "total_return": -23453.285714288457,
  "return_pct": -2.3453285714288454,
  "cagr": -0.1493429499261567,
  "total_trades": 2369,
  "win_rate": 34.48712536935416,
  "avg_trade": -9.900078393536706,
  "avg_win": 2207.663227837033,
  "avg_loss": -1177.2642673048613,
  "avg_win_pips": 22.08663227837033,
  "avg_loss_pips": -11.762642673048612,
  "profit_factor": 0.9871637544890252,
  "sharpe_ratio": -0.06802219793990741,
  "sortino_ratio": -0.18152868222649932,
  "max_drawdown": -180158.71428571653,
  "max_drawdown_pct": -18.015871428571653,
  "max_consecutive_wins": 7,
  "max_consecutive_losses": 15,
  "duration_sec": 10.215270280838013,
  "long_trades_pct": 51.54073448712537,
  "short_trades_pct": 48.45926551287463,
  "long_win_rate": 33.169533169533175,
  "short_win_rate": 35.88850174216028,
  "initial_capital": 1000000,
  "commission": 1.0,
  "spread": 0.0,
  "pip_size": 0.0001
}