{
  "total_return": 368291.2857142948,
  "return_pct": 36.82912857142948,
  "cagr": 1.9942590893578416,
  "total_trades": 27915,
  "win_rate": 33.07182518359305,
  "avg_trade": 13.1933113277555,
  "avg_win": 3555.243810349096,
  "avg_loss": -1737.072181738937,
  "avg_win_pips": 17.781219051745477,
  "avg_loss_pips": -8.680360908694684,
  "profit_factor": 1.0113481995462401,
  "sharpe_ratio": 0.07620772975463315,
  "sortino_ratio": 0.261348147914752,
  "max_drawdown": -463966.7142857141,
  "max_drawdown_pct": -46.39667142857141,
  "max_consecutive_wins": 9,
  "max_consecutive_losses": 20,
  "duration_sec": 5.361255884170532,
  "long_trades_pct": 50.43524986566362,
  "short_trades_pct": 49.56475013433638,
  "long_win_rate": 32.89296114780879,
  "short_win_rate": 33.25383058687482,
  "initial_capital": 1000000,
  "commission": 1.0,
  "spread": 0.0,
  "pip_size": 0.0001
}