{
  "total_return": -117053.77079708519,
  "return_pct": -11.70537707970852,
  "cagr": -0.7809061489826741,
  "total_trades": 230,
  "win_rate": 33.04347826086956,
  "avg_trade": -508.9294382481965,
  "avg_win": 4595.3056536949825,
  "avg_loss": -3027.90260050587,
  "avg_win_pips": 29.9591026668832,
  "avg_loss_pips": -20.937278160025095,
  "profit_factor": 0.748971641084721,
  "sharpe_ratio": -1.6658770960208211,
  "sortino_ratio": -3.7384879711603585,
  "max_drawdown": -196191.4208071911,
  "max_drawdown_pct": -19.61914208071911,
  "max_consecutive_wins": 5,
  "max_consecutive_losses": 12,
  "duration_sec": 3.203401803970337,
  "long_trades_pct": 47.82608695652174,
  "short_trades_pct": 52.17391304347826,
  "long_win_rate": 35.45454545454545,
  "short_win_rate": 30.833333333333336,
  "initial_capital": 1000000,
  "commission": 1.0,
  "spread": 0.0,
  "pip_size": 0.0001
}