{
  "total_return": -405831.9467091171,
  "return_pct": -40.58319467091171,
  "cagr": -3.2170490035754007,
  "total_trades": 209,
  "win_rate": 37.79904306220095,
  "avg_trade": -1941.779649325919,
  "avg_win": 21122.003219866885,
  "avg_loss": -15957.46308522001,
  "avg_win_pips": 73.94927667269438,
  "avg_loss_pips": -58.170109890109885,
  "profit_factor": 0.8043683893371383,
  "sharpe_ratio": -0.36476950752724735,
  "sortino_ratio": -0.9542164971384752,
  "max_drawdown": -436566.7781066907,
  "max_drawdown_pct": -43.65667781066907,
  "max_consecutive_wins": 4,
  "max_consecutive_losses": 11,
  "duration_sec": 39.98378610610962,
  "long_trades_pct": 50.717703349282296,
  "short_trades_pct": 49.282296650717704,
  "long_win_rate": 38.67924528301887,
  "short_win_rate": 36.89320388349515,
  "initial_capital": 1000000,
  "commission": 1.0,
  "spread": 0.0,
  "pip_size": 0.0001
}