{
  "total_return": 151968.00000000137,
  "return_pct": 15.196800000000138,
  "cagr": 0.8925680833258065,
  "total_trades": 349,
  "win_rate": 40.40114613180516,
  "avg_trade": 435.4383954154767,
  "avg_win": 11070.617021276605,
  "avg_loss": -6773.985576923074,
  "avg_win_pips": 55.358085106383015,
  "avg_loss_pips": -33.864927884615376,
  "profit_factor": 1.1078560584930057,
  "sharpe_ratio": 0.21424830709363832,
  "sortino_ratio": 0.7301620196310957,
  "max_drawdown": -73171.07142857066,
  "max_drawdown_pct": -7.317107142857067,
  "max_consecutive_wins": 6,
  "max_consecutive_losses": 7,
  "duration_sec": 1.8861620426177979,
  "long_trades_pct": 53.581661891117484,
  "short_trades_pct": 46.41833810888252,
  "long_win_rate": 41.17647058823529,
  "short_win_rate": 39.50617283950617,
  "initial_capital": 1000000,
  "commission": 1.0,
  "spread": 0.0,
  "pip_size": 0.0001
}