{
  "total_return": -48536.269169156716,
  "return_pct": -4.853626916915672,
  "cagr": -0.3128293710723651,
  "total_trades": 183,
  "win_rate": 33.33333333333333,
  "avg_trade": -265.2255145855558,
  "avg_win": 3272.2199670850814,
  "avg_loss": -2033.9482554208746,
  "avg_win_pips": 22.645589694898728,
  "avg_loss_pips": -15.686442803441528,
  "profit_factor": 0.804400986692746,
  "sharpe_ratio": -1.3065588384013798,
  "sortino_ratio": -3.5283861960769816,
  "max_drawdown": -65961.6868245684,
  "max_drawdown_pct": -6.596168682456841,
  "max_consecutive_wins": 5,
  "max_consecutive_losses": 12,
  "duration_sec": 3.2791128158569336,
  "long_trades_pct": 49.18032786885246,
  "short_trades_pct": 50.81967213114754,
  "long_win_rate": 35.55555555555556,
  "short_win_rate": 31.182795698924732,
  "initial_capital": 1000000,
  "commission": 1.0,
  "spread": 0.0,
  "pip_size": 0.0001
}