{
  "total_return": -481087.42857142945,
  "return_pct": -48.10874285714294,
  "cagr": -4.046373060003738,
  "total_trades": 389,
  "win_rate": 33.41902313624679,
  "avg_trade": -1236.728608152775,
  "avg_win": 11008.63406593407,
  "avg_loss": -7383.049641478219,
  "avg_win_pips": 55.04817032967035,
  "avg_loss_pips": -36.91024820739109,
  "profit_factor": 0.7484128497850913,
  "sharpe_ratio": -2.129644946790065,
  "sortino_ratio": -7.505191332883333,
  "max_drawdown": -516352.57142857375,
  "max_drawdown_pct": -51.63525714285737,
  "max_consecutive_wins": 3,
  "max_consecutive_losses": 12,
  "duration_sec": 1.863602876663208,
  "long_trades_pct": 48.0719794344473,
  "short_trades_pct": 51.9280205655527,
  "long_win_rate": 32.62032085561498,
  "short_win_rate": 34.15841584158416,
  "initial_capital": 1000000,
  "commission": 1.0,
  "spread": 0.0,
  "pip_size": 0.0001
}