{
  "total_return": 4538125.714286022,
  "return_pct": 453.8125714286022,
  "cagr": 147.78134231622815,
  "total_trades": 160,
  "win_rate": 38.75,
  "avg_trade": 28363.28571428764,
  "avg_win": 983315.3594470067,
  "avg_loss": -575790.0670553918,
  "avg_win_pips": 4916.581797235034,
  "avg_loss_pips": -2878.9453352769597,
  "profit_factor": 1.0804241127059278,
  "sharpe_ratio": 0.5326241251789143,
  "sortino_ratio": 2.054375655232657,
  "max_drawdown": -10097961.428571172,
  "max_drawdown_pct": -1009.7961428571172,
  "max_consecutive_wins": 5,
  "max_consecutive_losses": 15,
  "duration_sec": 0.8784782886505127,
  "long_trades_pct": 61.25000000000001,
  "short_trades_pct": 38.75,
  "long_win_rate": 36.734693877551024,
  "short_win_rate": 41.935483870967744,
  "initial_capital": 1000000,
  "commission": 1.0,
  "spread": 0.0,
  "pip_size": 0.0001
}