{
  "total_return": 68934.57142856858,
  "return_pct": 6.8934571428568585,
  "cagr": 0.4206106000460341,
  "total_trades": 334,
  "win_rate": 34.73053892215569,
  "avg_trade": 206.39093242086403,
  "avg_win": 25974.517241379297,
  "avg_loss": -13505.089121887293,
  "avg_win_pips": 129.87758620689644,
  "avg_loss_pips": -67.52044560943645,
  "profit_factor": 1.0234144053069447,
  "sharpe_ratio": 0.16448572807821552,
  "sortino_ratio": 0.6965134270965585,
  "max_drawdown": -276446.71428571554,
  "max_drawdown_pct": -27.644671428571556,
  "max_consecutive_wins": 5,
  "max_consecutive_losses": 15,
  "duration_sec": 0.42870187759399414,
  "long_trades_pct": 51.49700598802395,
  "short_trades_pct": 48.50299401197605,
  "long_win_rate": 39.53488372093023,
  "short_win_rate": 29.629629629629626,
  "initial_capital": 1000000,
  "commission": 1.0,
  "spread": 0.0,
  "pip_size": 0.0001
}