{
  "total_return": 114950.4285714282,
  "return_pct": 11.49504285714282,
  "cagr": 0.6875742621862857,
  "total_trades": 566,
  "win_rate": 35.86572438162544,
  "avg_trade": 203.09262998485548,
  "avg_win": 4625.150598170302,
  "avg_loss": -2269.848878394334,
  "avg_win_pips": 46.26150598170302,
  "avg_loss_pips": -22.688488783943342,
  "profit_factor": 1.1395105420093945,
  "sharpe_ratio": 0.6805483704311004,
  "sortino_ratio": 2.151163181440131,
  "max_drawdown": -57467.28571428631,
  "max_drawdown_pct": -5.746728571428631,
  "max_consecutive_wins": 7,
  "max_consecutive_losses": 12,
  "duration_sec": 2.4711618423461914,
  "long_trades_pct": 51.23674911660777,
  "short_trades_pct": 48.76325088339223,
  "long_win_rate": 33.793103448275865,
  "short_win_rate": 38.04347826086957,
  "initial_capital": 1000000,
  "commission": 1.0,
  "spread": 0.0,
  "pip_size": 0.0001
}