{
  "total_return": 36922.94341519555,
  "return_pct": 3.6922943415195553,
  "cagr": 0.22855065109896877,
  "total_trades": 39,
  "win_rate": 33.33333333333333,
  "avg_trade": 946.742138851168,
  "avg_win": 11807.62996488322,
  "avg_loss": -4483.701774164859,
  "avg_win_pips": 84.12095457549934,
  "avg_loss_pips": -35.89859509830048,
  "profit_factor": 1.3167278467224246,
  "sharpe_ratio": 1.4670517401577392,
  "sortino_ratio": 3.877610453902449,
  "max_drawdown": -72180.40687229042,
  "max_drawdown_pct": -7.218040687229042,
  "max_consecutive_wins": 3,
  "max_consecutive_losses": 6,
  "duration_sec": 0.8457760810852051,
  "long_trades_pct": 58.97435897435898,
  "short_trades_pct": 41.02564102564102,
  "long_win_rate": 43.47826086956522,
  "short_win_rate": 18.75,
  "initial_capital": 1000000,
  "commission": 1.0,
  "spread": 0.0,
  "pip_size": 0.0001
}