{
  "total_return": 131416.14285714348,
  "return_pct": 13.141614285714349,
  "cagr": 0.7804377603121582,
  "total_trades": 151,
  "win_rate": 41.05960264900662,
  "avg_trade": 870.3055818353873,
  "avg_win": 10108.43548387096,
  "avg_loss": -5565.245585874787,
  "avg_win_pips": 101.09435483870958,
  "avg_loss_pips": -55.64245585874787,
  "profit_factor": 1.2653226801970976,
  "sharpe_ratio": 1.4613179254785393,
  "sortino_ratio": 3.93663111693233,
  "max_drawdown": -75051.42857142884,
  "max_drawdown_pct": -7.505142857142884,
  "max_consecutive_wins": 4,
  "max_consecutive_losses": 9,
  "duration_sec": 0.6292352676391602,
  "long_trades_pct": 56.95364238410596,
  "short_trades_pct": 43.04635761589404,
  "long_win_rate": 44.18604651162791,
  "short_win_rate": 36.92307692307693,
  "initial_capital": 1000000,
  "commission": 1.0,
  "spread": 0.0,
  "pip_size": 0.0001
}