{
  "total_return": -68272.47719402291,
  "return_pct": -6.8272477194022905,
  "cagr": -0.4442542555423423,
  "total_trades": 98,
  "win_rate": 32.6530612244898,
  "avg_trade": -696.6579305512541,
  "avg_win": 5088.658140848368,
  "avg_loss": -3501.65966213895,
  "avg_win_pips": 50.896581408483684,
  "avg_loss_pips": -35.0065966213895,
  "profit_factor": 0.7045882317401344,
  "sharpe_ratio": -2.264641286114293,
  "sortino_ratio": -6.859759202918134,
  "max_drawdown": -85280.30875486472,
  "max_drawdown_pct": -8.528030875486472,
  "max_consecutive_wins": 4,
  "max_consecutive_losses": 17,
  "duration_sec": 0.8138492107391357,
  "long_trades_pct": 55.10204081632652,
  "short_trades_pct": 44.89795918367347,
  "long_win_rate": 31.48148148148148,
  "short_win_rate": 34.090909090909086,
  "initial_capital": 1000000,
  "commission": 1.0,
  "spread": 0.0,
  "pip_size": 0.0001
}