{
  "total_return": 245928.21428571234,
  "return_pct": 24.592821428571234,
  "cagr": 1.3940694956725563,
  "total_trades": 317,
  "win_rate": 45.110410094637224,
  "avg_trade": 775.7987832356856,
  "avg_win": 9602.247252747253,
  "avg_loss": -6478.121510673244,
  "avg_win_pips": 48.01623626373626,
  "avg_loss_pips": -32.38560755336623,
  "profit_factor": 1.2181775287084766,
  "sharpe_ratio": 0.40639008754681016,
  "sortino_ratio": 1.4253884838453896,
  "max_drawdown": -98790.0000000007,
  "max_drawdown_pct": -9.879000000000069,
  "max_consecutive_wins": 7,
  "max_consecutive_losses": 8,
  "duration_sec": 1.789886236190796,
  "long_trades_pct": 50.473186119873816,
  "short_trades_pct": 49.52681388012618,
  "long_win_rate": 38.125,
  "short_win_rate": 52.22929936305732,
  "initial_capital": 1000000,
  "commission": 1.0,
  "spread": 0.0,
  "pip_size": 0.0001
}