{
  "total_return": -2561780.85714369,
  "return_pct": -256.178085714369,
  "cagr": 0.0,
  "total_trades": 638,
  "win_rate": 31.974921630094045,
  "avg_trade": -4015.330497090423,
  "avg_win": 1029769.3081232489,
  "avg_loss": -489941.7504937476,
  "avg_win_pips": 5148.851540616243,
  "avg_loss_pips": -2449.703752468738,
  "profit_factor": 0.9879521986786265,
  "sharpe_ratio": -0.07846479594535963,
  "sortino_ratio": -0.2858387646382623,
  "max_drawdown": -18515785.57142863,
  "max_drawdown_pct": -1851.578557142863,
  "max_consecutive_wins": 5,
  "max_consecutive_losses": 14,
  "duration_sec": 0.7928838729858398,
  "long_trades_pct": 60.3448275862069,
  "short_trades_pct": 39.6551724137931,
  "long_win_rate": 33.246753246753244,
  "short_win_rate": 30.039525691699602,
  "initial_capital": 1000000,
  "commission": 1.0,
  "spread": 0.0,
  "pip_size": 0.0001
}