{
  "total_return": 129485.57142857535,
  "return_pct": 12.948557142857533,
  "cagr": 0.7697348212268196,
  "total_trades": 1283,
  "win_rate": 34.138737334372564,
  "avg_trade": 100.9240619084765,
  "avg_win": 11805.066536203529,
  "avg_loss": -5965.838546069313,
  "avg_win_pips": 59.03033268101763,
  "avg_loss_pips": -29.824192730346564,
  "profit_factor": 1.025685804510806,
  "sharpe_ratio": 0.17653311252911347,
  "sortino_ratio": 0.67046835048726,
  "max_drawdown": -264921.57142856927,
  "max_drawdown_pct": -26.492157142856925,
  "max_consecutive_wins": 6,
  "max_consecutive_losses": 15,
  "duration_sec": 1.6954219341278076,
  "long_trades_pct": 49.49337490257209,
  "short_trades_pct": 50.50662509742791,
  "long_win_rate": 34.488188976377955,
  "short_win_rate": 33.7962962962963,
  "initial_capital": 1000000,
  "commission": 1.0,
  "spread": 0.0,
  "pip_size": 0.0001
}