{
  "total_return": -2707019.307149046,
  "return_pct": -270.7019307149046,
  "cagr": 0.0,
  "total_trades": 52,
  "win_rate": 44.230769230769226,
  "avg_trade": -52058.06359902012,
  "avg_win": 256435.77296707543,
  "avg_loss": -296725.58915144077,
  "avg_win_pips": 2449.905590062122,
  "avg_loss_pips": -2465.7339901477535,
  "profit_factor": 0.6854147509929583,
  "sharpe_ratio": -2.5184838809896735,
  "sortino_ratio": -10.09961520493975,
  "max_drawdown": -4533165.1632176675,
  "max_drawdown_pct": -453.3165163217667,
  "max_consecutive_wins": 4,
  "max_consecutive_losses": 9,
  "duration_sec": 1.4818098545074463,
  "long_trades_pct": 67.3076923076923,
  "short_trades_pct": 32.69230769230769,
  "long_win_rate": 42.857142857142854,
  "short_win_rate": 47.05882352941176,
  "initial_capital": 1000000,
  "commission": 1.0,
  "spread": 0.0,
  "pip_size": 0.0001
}