{
  "total_return": -29653.160484211316,
  "return_pct": -2.9653160484211316,
  "cagr": -0.14378669537261635,
  "total_trades": 53,
  "win_rate": 37.735849056603776,
  "avg_trade": -559.493594041723,
  "avg_win": 5071.370232686651,
  "avg_loss": -3972.1383375134656,
  "avg_win_pips": 42.58534018663384,
  "avg_loss_pips": -31.138831880723004,
  "profit_factor": 0.7737791223816785,
  "sharpe_ratio": -1.58171818190846,
  "sortino_ratio": -3.1396632107393483,
  "max_drawdown": -66668.3366311304,
  "max_drawdown_pct": -6.66683366311304,
  "max_consecutive_wins": 3,
  "max_consecutive_losses": 12,
  "duration_sec": 1.1244821548461914,
  "long_trades_pct": 50.943396226415096,
  "short_trades_pct": 49.056603773584904,
  "long_win_rate": 33.33333333333333,
  "short_win_rate": 42.30769230769231,
  "initial_capital": 1000000,
  "commission": 1.0,
  "spread": 0.0,
  "pip_size": 0.0001
}