{
  "total_return": -503469.0827144255,
  "return_pct": -50.346908271442544,
  "cagr": -31.005220193102733,
  "total_trades": 82,
  "win_rate": 32.926829268292686,
  "avg_trade": -6139.866862371043,
  "avg_win": 285363.6326150841,
  "avg_loss": -149241.5847876672,
  "avg_win_pips": 2853.6463261508407,
  "avg_loss_pips": -1492.4058478766722,
  "profit_factor": 0.9386633200451184,
  "sharpe_ratio": -0.4377330195054154,
  "sortino_ratio": -1.3928824815440695,
  "max_drawdown": -2753331.745030101,
  "max_drawdown_pct": -275.33317450301007,
  "max_consecutive_wins": 3,
  "max_consecutive_losses": 9,
  "duration_sec": 1.7852940559387207,
  "long_trades_pct": 65.85365853658537,
  "short_trades_pct": 34.146341463414636,
  "long_win_rate": 35.18518518518518,
  "short_win_rate": 28.57142857142857,
  "initial_capital": 1000000,
  "commission": 1.0,
  "spread": 0.0,
  "pip_size": 0.0001
}