{
  "total_return": -2886159.857142886,
  "return_pct": -288.6159857142886,
  "cagr": 0.0,
  "total_trades": 17,
  "win_rate": 35.294117647058826,
  "avg_trade": -169774.10924369917,
  "avg_win": 1198427.5714285788,
  "avg_loss": -916065.9350649418,
  "avg_win_pips": 11984.28571428579,
  "avg_loss_pips": -9160.649350649417,
  "profit_factor": 0.7135815678894653,
  "sharpe_ratio": -2.113825247843895,
  "sortino_ratio": -4.736024614550417,
  "max_drawdown": -7665872.142857192,
  "max_drawdown_pct": -766.5872142857193,
  "max_consecutive_wins": 2,
  "max_consecutive_losses": 5,
  "duration_sec": 0.07318592071533203,
  "long_trades_pct": 64.70588235294117,
  "short_trades_pct": 35.294117647058826,
  "long_win_rate": 36.36363636363637,
  "short_win_rate": 33.33333333333333,
  "initial_capital": 1000000,
  "commission": 1.0,
  "spread": 0.0,
  "pip_size": 0.0001
}