{
  "total_return": -438848.2738099123,
  "return_pct": -43.88482738099123,
  "cagr": -3.57302374904912,
  "total_trades": 698,
  "win_rate": 42.83667621776504,
  "avg_trade": -628.7224553150606,
  "avg_win": 11234.616987963145,
  "avg_loss": -9518.793867696473,
  "avg_win_pips": 37.58069756330624,
  "avg_loss_pips": -32.22524167561768,
  "profit_factor": 0.8844527599070688,
  "sharpe_ratio": -0.3608233753228434,
  "sortino_ratio": -0.9023061826348998,
  "max_drawdown": -513965.39443285763,
  "max_drawdown_pct": -51.39653944328576,
  "max_consecutive_wins": 8,
  "max_consecutive_losses": 10,
  "duration_sec": 108.3535828590393,
  "long_trades_pct": 60.02865329512894,
  "short_trades_pct": 39.97134670487106,
  "long_win_rate": 41.527446300715994,
  "short_win_rate": 44.80286738351255,
  "initial_capital": 1000000,
  "commission": 1.0,
  "spread": 0.0,
  "pip_size": 0.0001
}