{
  "total_return": -6798388.428571457,
  "return_pct": -679.8388428571457,
  "cagr": 0.0,
  "total_trades": 67,
  "win_rate": 31.343283582089555,
  "avg_trade": -101468.48400852921,
  "avg_win": 1521998.9999999981,
  "avg_loss": -842616.6832298132,
  "avg_win_pips": 15219.99999999998,
  "avg_loss_pips": -8426.156832298133,
  "profit_factor": 0.8246046443935369,
  "sharpe_ratio": -1.4179919928015616,
  "sortino_ratio": -7.117079176228457,
  "max_drawdown": -16800779.000000052,
  "max_drawdown_pct": -1680.0779000000052,
  "max_consecutive_wins": 3,
  "max_consecutive_losses": 7,
  "duration_sec": 0.05177426338195801,
  "long_trades_pct": 56.71641791044776,
  "short_trades_pct": 43.28358208955223,
  "long_win_rate": 31.57894736842105,
  "short_win_rate": 31.03448275862069,
  "initial_capital": 1000000,
  "commission": 1.0,
  "spread": 0.0,
  "pip_size": 0.0001
}