{
  "total_return": -226606.4285716745,
  "return_pct": -22.660642857167453,
  "cagr": -12.717921886482985,
  "total_trades": 35,
  "win_rate": 37.142857142857146,
  "avg_trade": -6474.4693877621285,
  "avg_win": 4210724.274725252,
  "avg_loss": -2498455.545454543,
  "avg_win_pips": 21053.62637362626,
  "avg_loss_pips": -12492.272727272712,
  "profit_factor": 0.9958773362101468,
  "sharpe_ratio": -0.030328664375371194,
  "sortino_ratio": -0.17097599106336758,
  "max_drawdown": -21694591.42857146,
  "max_drawdown_pct": -2169.459142857146,
  "max_consecutive_wins": 4,
  "max_consecutive_losses": 5,
  "duration_sec": 0.05152726173400879,
  "long_trades_pct": 65.71428571428571,
  "short_trades_pct": 34.285714285714285,
  "long_win_rate": 34.78260869565217,
  "short_win_rate": 41.66666666666667,
  "initial_capital": 1000000,
  "commission": 1.0,
  "spread": 0.0,
  "pip_size": 0.0001
}