{
  "total_return": -340965.9999999923,
  "return_pct": -34.096599999999235,
  "cagr": -1.9734874731274776,
  "total_trades": 2303,
  "win_rate": 31.220147633521496,
  "avg_trade": -148.05297438123853,
  "avg_win": 19723.990065567257,
  "avg_loss": -9168.254329004325,
  "avg_win_pips": 98.62495032783629,
  "avg_loss_pips": -45.83627164502161,
  "profit_factor": 0.9765215595677432,
  "sharpe_ratio": -0.159313702004734,
  "sortino_ratio": -0.5771073020293377,
  "max_drawdown": -886471.9999999932,
  "max_drawdown_pct": -88.64719999999933,
  "max_consecutive_wins": 7,
  "max_consecutive_losses": 18,
  "duration_sec": 0.5793919563293457,
  "long_trades_pct": 48.849326964828485,
  "short_trades_pct": 51.150673035171515,
  "long_win_rate": 30.75555555555556,
  "short_win_rate": 31.66383701188455,
  "initial_capital": 1000000,
  "commission": 1.0,
  "spread": 0.0,
  "pip_size": 0.0001
}