{
  "total_return": 426621.5653835612,
  "return_pct": 42.662156538356115,
  "cagr": 2.262748895404898,
  "total_trades": 1897,
  "win_rate": 53.13653136531366,
  "avg_trade": 224.89275982264692,
  "avg_win": 2031.8933319529633,
  "avg_loss": -1823.9897786558224,
  "avg_win_pips": 10.76576558956911,
  "avg_loss_pips": -9.773027478708027,
  "profit_factor": 1.2630986645390059,
  "sharpe_ratio": 1.4819156838964394,
  "sortino_ratio": 3.9094746482378744,
  "max_drawdown": -48797.154142606305,
  "max_drawdown_pct": -4.87971541426063,
  "max_consecutive_wins": 14,
  "max_consecutive_losses": 10,
  "duration_sec": 51.61811590194702,
  "long_trades_pct": 52.398523985239855,
  "short_trades_pct": 47.601476014760145,
  "long_win_rate": 52.816901408450704,
  "short_win_rate": 53.48837209302325,
  "initial_capital": 1000000,
  "commission": 1.0,
  "spread": 0.0,
  "pip_size": 0.0001
}