{
  "total_return": 35411.64285712433,
  "return_pct": 3.541164285712433,
  "cagr": 0.1664826296751798,
  "total_trades": 6001,
  "win_rate": 41.24312614564239,
  "avg_trade": 5.900956983356829,
  "avg_win": 2924.9685714285706,
  "avg_loss": -2043.0758852605184,
  "avg_win_pips": 14.629842857142853,
  "avg_loss_pips": -10.210379426302593,
  "profit_factor": 1.0049156309474947,
  "sharpe_ratio": 0.034901057756586626,
  "sortino_ratio": 0.07867397783968909,
  "max_drawdown": -285316.0000000029,
  "max_drawdown_pct": -28.53160000000029,
  "max_consecutive_wins": 9,
  "max_consecutive_losses": 13,
  "duration_sec": 36.57390809059143,
  "long_trades_pct": 50.44159306782203,
  "short_trades_pct": 49.558406932177974,
  "long_win_rate": 40.799471423852,
  "short_win_rate": 41.69468728984533,
  "initial_capital": 1000000,
  "commission": 1.0,
  "spread": 0.0,
  "pip_size": 0.0001
}