{
  "total_return": 148225.68571428704,
  "return_pct": 14.822568571428704,
  "cagr": 0.8742142412674347,
  "total_trades": 2435,
  "win_rate": 42.012320328542096,
  "avg_trade": 60.872971545908435,
  "avg_win": 1209.4804915514596,
  "avg_loss": -771.2980574666121,
  "avg_win_pips": 12.104804915514595,
  "avg_loss_pips": -7.70298057466612,
  "profit_factor": 1.1361026351378838,
  "sharpe_ratio": 0.6953025605723204,
  "sortino_ratio": 2.0631588035186046,
  "max_drawdown": -45785.08571428607,
  "max_drawdown_pct": -4.578508571428607,
  "max_consecutive_wins": 8,
  "max_consecutive_losses": 11,
  "duration_sec": 42.58336806297302,
  "long_trades_pct": 51.375770020533885,
  "short_trades_pct": 48.62422997946612,
  "long_win_rate": 43.645083932853716,
  "short_win_rate": 40.28716216216216,
  "initial_capital": 1000000,
  "commission": 1.0,
  "spread": 0.0,
  "pip_size": 0.0001
}