{
  "total_return": 198385.99999999942,
  "return_pct": 19.838599999999943,
  "cagr": 0.8688404703752317,
  "total_trades": 184,
  "win_rate": 41.84782608695652,
  "avg_trade": 1078.1847826086926,
  "avg_win": 12842.525046382189,
  "avg_loss": -7387.74232309747,
  "avg_win_pips": 128.43525046382192,
  "avg_loss_pips": -73.8674232309747,
  "profit_factor": 1.25096635552088,
  "sharpe_ratio": 1.1890873212522044,
  "sortino_ratio": 4.086434614173542,
  "max_drawdown": -118454.99999999997,
  "max_drawdown_pct": -11.845499999999998,
  "max_consecutive_wins": 5,
  "max_consecutive_losses": 9,
  "duration_sec": 0.8440237045288086,
  "long_trades_pct": 52.71739130434783,
  "short_trades_pct": 47.28260869565217,
  "long_win_rate": 41.23711340206185,
  "short_win_rate": 42.5287356321839,
  "initial_capital": 1000000,
  "commission": 1.0,
  "spread": 0.0,
  "pip_size": 0.0001
}