{
  "total_return": 5324353.571428971,
  "return_pct": 532.4353571428971,
  "cagr": 165.84687607682943,
  "total_trades": 1075,
  "win_rate": 33.76744186046511,
  "avg_trade": 4952.887043189741,
  "avg_win": 398062.1641086192,
  "avg_loss": -195466.5898876402,
  "avg_win_pips": 3980.6316410861923,
  "avg_loss_pips": -1954.6558988764018,
  "profit_factor": 1.0382573036306195,
  "sharpe_ratio": 0.2456850091071262,
  "sortino_ratio": 0.7601572509075128,
  "max_drawdown": -6802792.1428571725,
  "max_drawdown_pct": -680.2792142857172,
  "max_consecutive_wins": 6,
  "max_consecutive_losses": 14,
  "duration_sec": 1.0134789943695068,
  "long_trades_pct": 60.372093023255815,
  "short_trades_pct": 39.627906976744185,
  "long_win_rate": 31.895223420647152,
  "short_win_rate": 36.61971830985916,
  "initial_capital": 1000000,
  "commission": 1.0,
  "spread": 0.0,
  "pip_size": 0.0001
}