{
  "total_return": -292363.1074106051,
  "return_pct": -29.23631074106051,
  "cagr": -2.154255158547891,
  "total_trades": 1668,
  "win_rate": 32.37410071942446,
  "avg_trade": -175.27764233249707,
  "avg_win": 1245.3896239004857,
  "avg_loss": -855.3843123376483,
  "avg_win_pips": 12.463896239004855,
  "avg_loss_pips": -8.543843123376483,
  "profit_factor": 0.696993330107454,
  "sharpe_ratio": -2.241924355685469,
  "sortino_ratio": -5.164787639341143,
  "max_drawdown": -295385.84468452056,
  "max_drawdown_pct": -29.538584468452058,
  "max_consecutive_wins": 5,
  "max_consecutive_losses": 17,
  "duration_sec": 12.743071794509888,
  "long_trades_pct": 50.89928057553957,
  "short_trades_pct": 49.10071942446043,
  "long_win_rate": 32.391048292108366,
  "short_win_rate": 32.356532356532355,
  "initial_capital": 1000000,
  "commission": 1.0,
  "spread": 0.0,
  "pip_size": 0.0001
}