{
  "total_return": -46323.48268082959,
  "return_pct": -4.63234826808296,
  "cagr": -0.2982453925256312,
  "total_trades": 226,
  "win_rate": 33.6283185840708,
  "avg_trade": -204.97116230455572,
  "avg_win": 4842.4475460249305,
  "avg_loss": -2762.329974524829,
  "avg_win_pips": 48.4344754602493,
  "avg_loss_pips": -27.61329974524829,
  "profit_factor": 0.8882019089970159,
  "sharpe_ratio": -0.8183385997983404,
  "sortino_ratio": -2.5069925894174303,
  "max_drawdown": -118542.84019186063,
  "max_drawdown_pct": -11.854284019186062,
  "max_consecutive_wins": 6,
  "max_consecutive_losses": 10,
  "duration_sec": 3.097466230392456,
  "long_trades_pct": 48.67256637168141,
  "short_trades_pct": 51.32743362831859,
  "long_win_rate": 35.45454545454545,
  "short_win_rate": 31.896551724137932,
  "initial_capital": 1000000,
  "commission": 1.0,
  "spread": 0.0,
  "pip_size": 0.0001
}