{
  "total_return": 11386.014285717582,
  "return_pct": 1.138601428571758,
  "cagr": 0.07132273577667991,
  "total_trades": 2304,
  "win_rate": 39.75694444444444,
  "avg_trade": 4.941846478176034,
  "avg_win": 1357.7454148471634,
  "avg_loss": -887.8305372581298,
  "avg_win_pips": 13.587454148471632,
  "avg_loss_pips": -8.868305372581297,
  "profit_factor": 1.0092395789251132,
  "sharpe_ratio": 0.04925902195326565,
  "sortino_ratio": 0.1477520556553423,
  "max_drawdown": -55508.65714285566,
  "max_drawdown_pct": -5.550865714285566,
  "max_consecutive_wins": 8,
  "max_consecutive_losses": 14,
  "duration_sec": 42.79709792137146,
  "long_trades_pct": 47.91666666666667,
  "short_trades_pct": 52.083333333333336,
  "long_win_rate": 41.84782608695652,
  "short_win_rate": 37.833333333333336,
  "initial_capital": 1000000,
  "commission": 1.0,
  "spread": 0.0,
  "pip_size": 0.0001
}