{
  "total_return": -40880.368304669246,
  "return_pct": -4.088036830466925,
  "cagr": -0.2624603440172346,
  "total_trades": 43,
  "win_rate": 27.906976744186046,
  "avg_trade": -950.7062396434708,
  "avg_win": 6525.769694906841,
  "avg_loss": -3844.825956243591,
  "avg_win_pips": 43.652530316244935,
  "avg_loss_pips": -28.70802368058041,
  "profit_factor": 0.6570139784679533,
  "sharpe_ratio": -2.4612001481769568,
  "sortino_ratio": -6.215633827048201,
  "max_drawdown": -52245.730465960485,
  "max_drawdown_pct": -5.224573046596048,
  "max_consecutive_wins": 2,
  "max_consecutive_losses": 9,
  "duration_sec": 0.8424839973449707,
  "long_trades_pct": 65.11627906976744,
  "short_trades_pct": 34.883720930232556,
  "long_win_rate": 21.428571428571427,
  "short_win_rate": 40.0,
  "initial_capital": 1000000,
  "commission": 1.0,
  "spread": 0.0,
  "pip_size": 0.0001
}