{
  "total_return": -138887.42857143263,
  "return_pct": -13.888742857143264,
  "cagr": -0.9372328606591651,
  "total_trades": 2421,
  "win_rate": 33.74638579099546,
  "avg_trade": -57.36779370980282,
  "avg_win": 2670.2318587165573,
  "avg_loss": -1446.675097969364,
  "avg_win_pips": 26.712318587165576,
  "avg_loss_pips": -14.45675097969364,
  "profit_factor": 0.9401467734202238,
  "sharpe_ratio": -0.32339095898722425,
  "sortino_ratio": -0.8413708502234419,
  "max_drawdown": -196131.5714285769,
  "max_drawdown_pct": -19.61315714285769,
  "max_consecutive_wins": 6,
  "max_consecutive_losses": 16,
  "duration_sec": 9.99245285987854,
  "long_trades_pct": 50.43370508054523,
  "short_trades_pct": 49.566294919454776,
  "long_win_rate": 35.38083538083538,
  "short_win_rate": 32.083333333333336,
  "initial_capital": 1000000,
  "commission": 1.0,
  "spread": 0.0,
  "pip_size": 0.0001
}