{
  "total_return": 100591.14285714203,
  "return_pct": 10.059114285714204,
  "cagr": 0.605311579986556,
  "total_trades": 326,
  "win_rate": 34.04907975460122,
  "avg_trade": 308.56178790534364,
  "avg_win": 23922.346203346206,
  "avg_loss": -11882.740863787378,
  "avg_win_pips": 119.61673101673102,
  "avg_loss_pips": -59.40870431893689,
  "profit_factor": 1.0393735575061402,
  "sharpe_ratio": 0.2712387107321331,
  "sortino_ratio": 1.1326811451854235,
  "max_drawdown": -274828.00000000035,
  "max_drawdown_pct": -27.482800000000037,
  "max_consecutive_wins": 4,
  "max_consecutive_losses": 12,
  "duration_sec": 0.4394869804382324,
  "long_trades_pct": 48.77300613496933,
  "short_trades_pct": 51.22699386503068,
  "long_win_rate": 34.59119496855346,
  "short_win_rate": 33.532934131736525,
  "initial_capital": 1000000,
  "commission": 1.0,
  "spread": 0.0,
  "pip_size": 0.0001
}