{
  "total_return": -386939.9285714284,
  "return_pct": -38.69399285714284,
  "cagr": -2.3117428973949083,
  "total_trades": 3331,
  "win_rate": 32.3026118282798,
  "avg_trade": -116.16329287644203,
  "avg_win": 5083.376659585768,
  "avg_loss": -2597.185460880583,
  "avg_win_pips": 50.84376659585768,
  "avg_loss_pips": -25.96185460880583,
  "profit_factor": 0.9339315622055967,
  "sharpe_ratio": -0.4539796764306464,
  "sortino_ratio": -1.3342357168995866,
  "max_drawdown": -428182.7142857145,
  "max_drawdown_pct": -42.81827142857145,
  "max_consecutive_wins": 7,
  "max_consecutive_losses": 18,
  "duration_sec": 2.4903223514556885,
  "long_trades_pct": 52.086460522365655,
  "short_trades_pct": 47.913539477634345,
  "long_win_rate": 33.31412103746398,
  "short_win_rate": 31.203007518796994,
  "initial_capital": 1000000,
  "commission": 1.0,
  "spread": 0.0,
  "pip_size": 0.0001
}