{
  "total_return": 39135.85774131665,
  "return_pct": 3.913585774131665,
  "cagr": 0.24204678728347861,
  "total_trades": 537,
  "win_rate": 51.02420856610801,
  "avg_trade": 72.8786922557107,
  "avg_win": 2227.754110436409,
  "avg_loss": -2172.124595126462,
  "avg_win_pips": 15.365194473409817,
  "avg_loss_pips": -15.168253666485612,
  "profit_factor": 1.0685069093534134,
  "sharpe_ratio": 0.43659656800216334,
  "sortino_ratio": 1.3619578749122496,
  "max_drawdown": -72708.4841102854,
  "max_drawdown_pct": -7.270848411028539,
  "max_consecutive_wins": 7,
  "max_consecutive_losses": 6,
  "duration_sec": 12.584944009780884,
  "long_trades_pct": 46.55493482309125,
  "short_trades_pct": 53.445065176908756,
  "long_win_rate": 50.0,
  "short_win_rate": 51.91637630662021,
  "initial_capital": 1000000,
  "commission": 1.0,
  "spread": 0.0,
  "pip_size": 0.0001
}