{
  "total_return": -44154.4301562824,
  "return_pct": -4.41544301562824,
  "cagr": -0.2839803961943055,
  "total_trades": 857,
  "win_rate": 33.95565927654609,
  "avg_trade": -51.522088863806765,
  "avg_win": 1879.0952979690376,
  "avg_loss": -1044.1186605393505,
  "avg_win_pips": 18.80095297969038,
  "avg_loss_pips": -10.431186605393505,
  "profit_factor": 0.925284966500026,
  "sharpe_ratio": -0.5061339970914027,
  "sortino_ratio": -1.5469887570834129,
  "max_drawdown": -92116.674260348,
  "max_drawdown_pct": -9.211667426034799,
  "max_consecutive_wins": 5,
  "max_consecutive_losses": 17,
  "duration_sec": 12.397731065750122,
  "long_trades_pct": 51.925320886814475,
  "short_trades_pct": 48.07467911318553,
  "long_win_rate": 35.056179775280896,
  "short_win_rate": 32.76699029126214,
  "initial_capital": 1000000,
  "commission": 1.0,
  "spread": 0.0,
  "pip_size": 0.0001
}