{
  "total_return": 247327.42857143044,
  "return_pct": 24.732742857143045,
  "cagr": 1.4012352632919667,
  "total_trades": 629,
  "win_rate": 37.0429252782194,
  "avg_trade": 393.2073586191263,
  "avg_win": 12473.61986511343,
  "avg_loss": -6714.712121212117,
  "avg_win_pips": 124.74619865113429,
  "avg_loss_pips": -67.13712121212119,
  "profit_factor": 1.093014294922814,
  "sharpe_ratio": 0.6292656518830799,
  "sortino_ratio": 1.9776251347686007,
  "max_drawdown": -162509.14285714278,
  "max_drawdown_pct": -16.250914285714277,
  "max_consecutive_wins": 6,
  "max_consecutive_losses": 15,
  "duration_sec": 0.4238910675048828,
  "long_trades_pct": 50.87440381558028,
  "short_trades_pct": 49.12559618441971,
  "long_win_rate": 37.5,
  "short_win_rate": 36.56957928802589,
  "initial_capital": 1000000,
  "commission": 1.0,
  "spread": 0.0,
  "pip_size": 0.0001
}