{
  "total_return": 24366.50488045717,
  "return_pct": 2.436650488045717,
  "cagr": 0.11514497915114941,
  "total_trades": 595,
  "win_rate": 52.268907563025216,
  "avg_trade": 40.95210904278516,
  "avg_win": 1460.7299923222042,
  "avg_loss": -1513.8046575061564,
  "avg_win_pips": 14.477802939825402,
  "avg_loss_pips": -15.316368209255556,
  "profit_factor": 1.056676766034872,
  "sharpe_ratio": 0.358939730580801,
  "sortino_ratio": 1.0704582575253447,
  "max_drawdown": -63058.164890234926,
  "max_drawdown_pct": -6.305816489023493,
  "max_consecutive_wins": 10,
  "max_consecutive_losses": 8,
  "duration_sec": 17.32525897026062,
  "long_trades_pct": 51.76470588235295,
  "short_trades_pct": 48.23529411764706,
  "long_win_rate": 48.37662337662338,
  "short_win_rate": 56.44599303135889,
  "initial_capital": 1000000,
  "commission": 1.0,
  "spread": 0.0,
  "pip_size": 0.0001
}