{
  "total_return": 203738.28571427698,
  "return_pct": 20.373828571427698,
  "cagr": 0.8903295512034282,
  "total_trades": 1891,
  "win_rate": 41.14225277630883,
  "avg_trade": 107.74102893404388,
  "avg_win": 5952.488431876607,
  "avg_loss": -3977.8056732126893,
  "avg_win_pips": 29.767442159383034,
  "avg_loss_pips": -19.884028366063443,
  "profit_factor": 1.0460186549137789,
  "sharpe_ratio": 0.18500553497383948,
  "sortino_ratio": 0.5277829653957398,
  "max_drawdown": -244409.14285714828,
  "max_drawdown_pct": -24.44091428571483,
  "max_consecutive_wins": 9,
  "max_consecutive_losses": 19,
  "duration_sec": 9.0193190574646,
  "long_trades_pct": 50.71390798519302,
  "short_trades_pct": 49.28609201480698,
  "long_win_rate": 40.041710114702816,
  "short_win_rate": 42.27467811158798,
  "initial_capital": 1000000,
  "commission": 1.0,
  "spread": 0.0,
  "pip_size": 0.0001
}