{
  "total_return": -54258.10576189692,
  "return_pct": -5.425810576189692,
  "cagr": -0.3506282193981525,
  "total_trades": 140,
  "win_rate": 42.142857142857146,
  "avg_trade": -387.55789829926374,
  "avg_win": 2451.9145169542635,
  "avg_loss": -2455.8155834839313,
  "avg_win_pips": 33.517261501210655,
  "avg_loss_pips": -30.638059964726672,
  "profit_factor": 0.7272380051420642,
  "sharpe_ratio": -2.1652437843330143,
  "sortino_ratio": -7.988886178454889,
  "max_drawdown": -86617.78453664004,
  "max_drawdown_pct": -8.661778453664004,
  "max_consecutive_wins": 7,
  "max_consecutive_losses": 9,
  "duration_sec": 3.5238749980926514,
  "long_trades_pct": 50.71428571428571,
  "short_trades_pct": 49.28571428571429,
  "long_win_rate": 40.845070422535215,
  "short_win_rate": 43.47826086956522,
  "initial_capital": 1000000,
  "commission": 1.0,
  "spread": 0.0,
  "pip_size": 0.0001
}