{
  "total_return": -178152.11733793077,
  "return_pct": -17.815211733793078,
  "cagr": -1.2250120213937898,
  "total_trades": 1164,
  "win_rate": 42.78350515463917,
  "avg_trade": -153.05164719753503,
  "avg_win": 11696.922875418832,
  "avg_loss": -9013.843407352115,
  "avg_win_pips": 39.525889271371256,
  "avg_loss_pips": -30.269734019734017,
  "profit_factor": 0.9703239051767426,
  "sharpe_ratio": -0.11252777442524146,
  "sortino_ratio": -0.29504516236288614,
  "max_drawdown": -394037.810534406,
  "max_drawdown_pct": -39.4037810534406,
  "max_consecutive_wins": 7,
  "max_consecutive_losses": 12,
  "duration_sec": 106.82403206825256,
  "long_trades_pct": 51.975945017182134,
  "short_trades_pct": 48.02405498281787,
  "long_win_rate": 44.79338842975207,
  "short_win_rate": 40.608228980322004,
  "initial_capital": 1000000,
  "commission": 1.0,
  "spread": 0.0,
  "pip_size": 0.0001
}