{
  "total_return": -678941.7142857149,
  "return_pct": -67.8941714285715,
  "cagr": -6.903596905058085,
  "total_trades": 316,
  "win_rate": 29.430379746835445,
  "avg_trade": -2148.549728752262,
  "avg_win": 23082.440860215072,
  "avg_loss": -12670.891095451643,
  "avg_win_pips": 115.41720430107534,
  "avg_loss_pips": -63.34945547725821,
  "profit_factor": 0.7597184242626659,
  "sharpe_ratio": -1.9525817517067732,
  "sortino_ratio": -6.64766461792175,
  "max_drawdown": -811676.5714285717,
  "max_drawdown_pct": -81.16765714285718,
  "max_consecutive_wins": 4,
  "max_consecutive_losses": 20,
  "duration_sec": 0.45225024223327637,
  "long_trades_pct": 46.51898734177215,
  "short_trades_pct": 53.48101265822785,
  "long_win_rate": 27.2108843537415,
  "short_win_rate": 31.360946745562128,
  "initial_capital": 1000000,
  "commission": 1.0,
  "spread": 0.0,
  "pip_size": 0.0001
}