{
  "total_return": -268937.49999999814,
  "return_pct": -26.893749999999816,
  "cagr": -1.9533741937151405,
  "total_trades": 9205,
  "win_rate": 32.99293862031505,
  "avg_trade": -29.21645844649627,
  "avg_win": 2131.7108518745,
  "avg_loss": -1093.2139035575315,
  "avg_win_pips": 21.327108518745,
  "avg_loss_pips": -10.922139035575313,
  "profit_factor": 0.9601157112323789,
  "sharpe_ratio": -0.27481406450919954,
  "sortino_ratio": -0.8825069846974188,
  "max_drawdown": -364322.1428571421,
  "max_drawdown_pct": -36.43221428571421,
  "max_consecutive_wins": 8,
  "max_consecutive_losses": 16,
  "duration_sec": 6.803534030914307,
  "long_trades_pct": 51.51548071700163,
  "short_trades_pct": 48.48451928299837,
  "long_win_rate": 32.7498945592577,
  "short_win_rate": 33.25117633878557,
  "initial_capital": 1000000,
  "commission": 1.0,
  "spread": 0.0,
  "pip_size": 0.0001
}