{
  "total_return": -65798.09073161286,
  "return_pct": -6.579809073161286,
  "cagr": -0.4277016451313398,
  "total_trades": 732,
  "win_rate": 31.147540983606557,
  "avg_trade": -89.88810209236729,
  "avg_win": 1981.6353401877998,
  "avg_loss": -1027.0058497905382,
  "avg_win_pips": 19.826353401877995,
  "avg_loss_pips": -10.26005849790538,
  "profit_factor": 0.8728811843172507,
  "sharpe_ratio": -0.893382437253368,
  "sortino_ratio": -2.6529694836654043,
  "max_drawdown": -90665.48083052052,
  "max_drawdown_pct": -9.066548083052052,
  "max_consecutive_wins": 6,
  "max_consecutive_losses": 21,
  "duration_sec": 12.816587924957275,
  "long_trades_pct": 51.775956284153004,
  "short_trades_pct": 48.224043715846996,
  "long_win_rate": 31.398416886543533,
  "short_win_rate": 30.878186968838527,
  "initial_capital": 1000000,
  "commission": 1.0,
  "spread": 0.0,
  "pip_size": 0.0001
}